Created-At,From-User,From-User-Id,To-User,To-User-Id,Language,Source,Text,Geo-Location-Latitude,Geo-Location-Longitude,Retweet-Count,Id
2021-11-15 11:17:52,#DontDelayNoWayHomePH,1398876211284111361,,-1,en,"<a href=""http://twitter.com/download/android"" rel=""nofollow"">Twitter for Android</a>",2nd dose done! #sinovac,,,.0,1460084610734252032
2021-11-22 02:03:01,FeeTeeSees!,1451332118848622596,,-1,en,"<a href=""http://twitter.com/download/iphone"" rel=""nofollow"">Twitter for iPhone</a>","Got both my #COVID booster and #flu jags this morning and never felt a thing, no sore arm or side effects afterwards either. Just go get it done, always better to be prepared than regret it later! #VaccinesWork #vaccine #AstraZeneca",,,.0,1462481691709255682
2021-11-20 13:01:05,ᴄᴀʟᴍ ᴀɴᴅ ᴘᴀssɪᴏɴ,3284285364,,-1,en,"<a href=""http://twitter.com/download/iphone"" rel=""nofollow"">Twitter for iPhone</a>",fully vaccinated #AstraZeneca https://t.co/viHI7QmyDx,,,.0,1461922522954227716
2021-11-20 09:59:12,hi.,1293558804542394368,,-1,en,"<a href=""http://twitter.com/download/android"" rel=""nofollow"">Twitter for Android</a>",Done my first dose. #AstraZeneca,,,.0,1461876749772341248
2021-11-20 07:06:21,Shekeria????,1301271867215536128,,-1,en,"<a href=""http://twitter.com/download/android"" rel=""nofollow"">Twitter for Android</a>",Haffi go test out the #AstraZeneca tonight lol,,,.0,1461833252285652995
2021-11-20 05:10:40,Luis Matos,848829024407363585,,-1,en,"<a href=""http://twitter.com/download/android"" rel=""nofollow"">Twitter for Android</a>","#AstraZeneca 
After arriving completely soaked to work, this was my gift in the end
Amazing https://t.co/GyBoD2RHFB",,,.0,1461804141416747015
2021-11-19 14:48:05,MR.FORD ??,1249731484451135488,,-1,en,"<a href=""http://twitter.com/download/android"" rel=""nofollow"">Twitter for Android</a>",#AstraZeneca 1st dose!! ????,,,.0,1461587061807271937
2021-11-18 20:06:34,Gina,1419439649026576388,,-1,en,"<a href=""http://twitter.com/download/android"" rel=""nofollow"">Twitter for Android</a>","Got my firstdose yesterday??
#AstraZeneca ???? https://t.co/lnp86IdN48",,,.0,1461304822653546497
2021-11-18 17:11:00,Allen,1308106036675403777,,-1,en,"<a href=""http://twitter.com/download/android"" rel=""nofollow"">Twitter for Android</a>",1st dose done! ?? #AstraZeneca,,,.0,1461260640954171401
2021-11-18 16:11:05,Zero strategy,1038444890869444608,,-1,en,"<a href=""https://mobile.twitter.com"" rel=""nofollow"">Twitter Web App</a>","Fight! Fight! Fight!

#AstraZeneca 
#SOBI https://t.co/3zZAO4RJHF",,,.0,1461245562087432192
2021-11-18 12:43:07,Better Living Hospital,1359511449878614017,,-1,en,"<a href=""http://twitter.com/download/android"" rel=""nofollow"">Twitter for Android</a>","Good Morning 

Did I hear you say your are on your way to get your COVID 19 vaccine? Yes you just made an important decision of your life for you and your loved ones. Destination is Better living hospital. See your at 8. 00am 
 #vaccine #Covid_19 #AstraZeneca #moderna",,,2.0,1461193224677040128
2021-11-18 11:19:22,clementuex,1006053201445990400,,-1,en,"<a href=""http://twitter.com/download/android"" rel=""nofollow"">Twitter for Android</a>","1st dose of Astrazenca done.
#resbakuna 
#AstraZeneca https://t.co/pPAdbDvV1P",,,.0,1461172148630798345
2021-11-18 11:00:02,Julie M,53056493,,-1,en,"<a href=""http://twitter.com/download/android"" rel=""nofollow"">Twitter for Android</a>","So the #AstraZeneca vaccine made me tired and achy , the #Moderna booster has made me feel like I've drunk a flask full of coffee and I've turned in to a human fireball. Luckily I've got today off. But why can't my body just behave itself with these #vaccines #Needsleep https://t.co/qcdfVaQmqZ",,,.0,1461167286216282113
2021-11-18 09:25:20,???????????????????? ??,1251834073292566528,,-1,en,"<a href=""http://twitter.com/download/iphone"" rel=""nofollow"">Twitter for iPhone</a>",Done second dose vaccine. ?????? #AstraZeneca #FullyVaccinated,,,.0,1461143452922486788
2021-11-18 04:59:49,Animation Poser,1302077783720386560,,-1,en,"<a href=""http://twitter.com/download/android"" rel=""nofollow"">Twitter for Android</a>",#AstraZeneca I don't rember if you say we need a third Covid19 injection. Of #AstraZeneca can you advise. https://t.co/qLJTDSKxtN,,,.0,1461076631292989446
2021-11-17 23:32:30,Adam English Bot 2021,1136308866986270720,,-1,en,"<a href=""https://mobile.twitter.com"" rel=""nofollow"">Twitter Web App</a>",Observe side effects from #AstraZeneca Vaccine https://t.co/DfDIwTdGEz,,,.0,1460994263131566090
2021-11-17 23:00:48,malathisrv,889778283486654464,,-1,en,"<a href=""http://twitter.com/download/iphone"" rel=""nofollow"">Twitter for iPhone</a>",Great news #AstraZeneca https://t.co/0bLNPS6dhQ,,,.0,1460986283459690496
2021-11-17 21:36:02,Airon De Mesa,2464322695,,-1,en,"<a href=""http://instagram.com"" rel=""nofollow"">Instagram</a>","Done ✅ Finally I am fully vaccinated now! ?? Ganap na akong zombie ??
#AstraZeneca 
#fullyvacinnated
#2nddosedone @ Pugad at Agila, Enchanted Kingdom https://t.co/JGODQKcNXq",14.3,121.1,.0,1460964951829401608
2021-11-17 15:05:01,Oldham Council,114765763,,-1,en,"<a href=""https://sproutsocial.com"" rel=""nofollow"">Sprout Social</a>","Get your second Astra Zeneca dose at the Millennium Centre today from 10am until 12noon. No appointment necessary, just walk in. These are for second doses only, not boosters. #Oldham #Covid19vaccine #Vaccination #AstraZeneca https://t.co/klyPzc1p7k",,,.0,1460866548588064768
2021-11-17 14:43:49,jpots_,1336118286375796738,,-1,en,"<a href=""http://twitter.com/download/iphone"" rel=""nofollow"">Twitter for iPhone</a>","Just got my first dose! 
#AstraZeneca https://t.co/rUvijg4fGw",,,.0,1460861212741095424
2021-11-17 13:33:33,Prince Hunter,1459872438083223557,,-1,en,"<a href=""http://twitter.com/download/android"" rel=""nofollow"">Twitter for Android</a>","Done 2nd dose of vaccine
#AstraZeneca https://t.co/WnmxUK498E",,,.0,1460843530595618818
2021-11-17 12:37:55,??NetteKulet??FANGIRL??Yechan&Byeonghee MoM??,27469373,,-1,en,"<a href=""http://twitter.com/download/android"" rel=""nofollow"">Twitter for Android</a>","2nd dose done. 

#AstraZeneca",,,.0,1460829531162382340
2021-11-17 07:28:18,Hitchfan,243648321,,-1,en,"<a href=""http://twitter.com/download/android"" rel=""nofollow"">Twitter for Android</a>",I'm very unsure of having a booster shot until #AstraZeneca produce one. #Booster,,,1.0,1460751611194712065
2021-11-17 05:25:58,?????????? ??????????:,47205562,,-1,en,"<a href=""http://twitter.com/#!/download/ipad"" rel=""nofollow"">Twitter for iPad</a>","#AstraZeneca #Covid_19 #COVID19 

Yet never a thank-you: AstraZeneca-Oxford COVID-19 vaccine supply hits two billion doses https://t.co/7EcmgQLjIx",,,.0,1460720827645763587
2021-11-17 00:12:47,Le??️h {Bishbashbosh},339266599,,-1,en,"<a href=""http://twitter.com/download/android"" rel=""nofollow"">Twitter for Android</a>","I have now had every single vaccination possible this year.
2 x AstraZeneca. 1 x Pfizer booster. 1 x flu. 1 x pneumonia. 
If I catch anything now, I'll be bloody surprised. 
#Booster #Pfizer #AstraZeneca #lovethenhs",,,.0,1460642009786589196
2021-11-16 19:31:19,Daniel Galang,1334909997055004672,,-1,en,"<a href=""http://twitter.com/download/android"" rel=""nofollow"">Twitter for Android</a>","First does
Shout out sayo ate
#AstraZeneca https://t.co/s2FMekMspG",,,.0,1460571179035418627
2021-11-16 15:17:03,Robert Mayoral,395179203,salutcat,110394456,en,"<a href=""http://twitter.com/download/iphone"" rel=""nofollow"">Twitter for iPhone</a>",@salutcat I els #AstraZeneca ??,,,.0,1460507187655196679
2021-11-16 10:41:13,John Emmanuel,441468838,,-1,en,"<a href=""http://twitter.com/download/android"" rel=""nofollow"">Twitter for Android</a>",Fully vaccinated ?? #AstraZeneca,,,.0,1460437774939553799
2021-11-15 11:55:06,フィフタ,568982827,,-1,en,"<a href=""http://twitter.com/download/android"" rel=""nofollow"">Twitter for Android</a>","Done Vaccine dose 2
#AstraZeneca",,,.0,1460093978955505665
2021-11-15 09:37:20,Kyle,2491003658,,-1,en,"<a href=""http://twitter.com/download/iphone"" rel=""nofollow"">Twitter for iPhone</a>","2nd dose✔️????
#fullyvaccinated
#AstraZeneca https://t.co/DPaPajlfkR",,,.0,1460059309862047744
2021-11-15 08:26:49,Czu,1387787081393610753,,-1,en,"<a href=""https://mobile.twitter.com"" rel=""nofollow"">Twitter Web App</a>","what a surprise! #capitalism #emptypromises #AstraZeneca #COVID19 
https://t.co/gkIP96j26l",,,.0,1460041562679910400
2021-11-15 08:17:06,Ivan,380234044,,-1,en,"<a href=""http://twitter.com/download/android"" rel=""nofollow"">Twitter for Android</a>",Finally time for 2nd dose! #AstraZeneca,,,.0,1460039118209961984
2021-11-14 20:57:55,Jim_Slip,1068702606,,-1,en,"<a href=""https://mobile.twitter.com"" rel=""nofollow"">Twitter Web App</a>","I see #AstraZeneca is being attacked for their vaccine which allegedly causes clots. 
Who would benefit from propagating this witch hunt & trawling millions of fools to have their jab instead of AZ's?
Pfizer of course.
They are truly evil.",,,.0,1459868196664709126
2021-11-14 18:20:09,H,3495798616,,-1,en,"<a href=""http://twitter.com/download/iphone"" rel=""nofollow"">Twitter for iPhone</a>","Vaccine booster attempt No2 
#AstraZeneca #booster #vaccine #yesplease #wonkyeyes https://t.co/ksQKovnbCr",,,.0,1459828494049943553
2021-11-14 12:42:12,ジュニチノ,2252053466,,-1,en,"<a href=""http://twitter.com/download/android"" rel=""nofollow"">Twitter for Android</a>","Next 12 Dec.
#Covid_19 #vaccines #AstraZeneca #Pfizer https://t.co/uYoIx4Mjx5",,,1.0,1459743444205592579
2021-11-19 15:48:26,CRISTINA ??,1189783890,,-1,en,"<a href=""http://twitter.com/download/android"" rel=""nofollow"">Twitter for Android</a>",Fully vaccinated. ?? #Sinovac #RESBAKUNA https://t.co/XtUpxfkqOe,,,.0,1461602251663822851
2021-11-19 13:31:59,CRISTINA ??,1189783890,,-1,en,"<a href=""http://instagram.com"" rel=""nofollow"">Instagram</a>","I am now fully vaccinated. ??

#Sinovac
#Resbakuna @ Deparo Elementary School https://t.co/dKekDWKLsC",14.7,121.0,.0,1461567912548917257
2021-11-19 10:51:55,Karen B. Glumalid,2224570974,,-1,en,"<a href=""http://twitter.com/download/iphone"" rel=""nofollow"">Twitter for iPhone</a>","This Girl is on Pfizer !!!
woot Got Boosted, ngalay is real hindi tulad sa Sinovac dati na wala lang, sana wala ng iba pang maging adverse ???? 
thank you #iLoveTaguig for being 1 of the first cities to give booster for #A1Frontliners #RoadToZero #GetVaccinated #ResBakuna #Pfizered https://t.co/g62UeKlqzU",,,.0,1461527631535349760
2021-11-18 20:31:02,zan,1101632693610078208,,-1,en,"<a href=""http://twitter.com/download/android"" rel=""nofollow"">Twitter for Android</a>",Finally a zombie???? #GetVaccinated #RESBAKUNA,,,.0,1461310979581493248
2021-11-18 20:21:32,Shane Ramos,25040708,,-1,en,"<a href=""http://twitter.com/download/android"" rel=""nofollow"">Twitter for Android</a>",Finally decided to get #vaccinated #Pfizer #CovidVaccine #RESBAKUNA ?? https://t.co/zNHmlyQ2fo,,,.0,1461308589759291398
2021-11-18 13:56:38,???????????? ??,4861953090,,-1,en,"<a href=""http://twitter.com/download/android"" rel=""nofollow"">Twitter for Android</a>","I am fully vaccinated ?????? 
Thank you, Magsingal Health Office ??

Now it' s your turn, be responsible and get VACCINATED to make sure you get protected also. ❤️

#PfizerBioNTech 
#ResBakuna
#ProtektadongBakubado
#GetVaccinatedNow 
#FightCovid19 https://t.co/0TMUNhm9SR",,,.0,1461211728281174016
2021-11-18 11:19:22,clementuex,1006053201445990400,,-1,en,"<a href=""http://twitter.com/download/android"" rel=""nofollow"">Twitter for Android</a>","1st dose of Astrazenca done.
#resbakuna 
#AstraZeneca https://t.co/pPAdbDvV1P",,,.0,1461172148630798345
2021-11-17 22:54:11,Naomi Casaje Ayson,1446498249649491969,,-1,en,"<a href=""http://twitter.com/download/android"" rel=""nofollow"">Twitter for Android</a>","First dose of pfizer? check! ✅
#vaccinated #RESBAKUNA https://t.co/hEpiSMpfiX",,,.0,1460984618690424835
2021-11-16 16:25:00,;,1314390355236712449,,-1,en,"<a href=""https://mobile.twitter.com"" rel=""nofollow"">Twitter Web App</a>","First dose, Done✅

#Pfizer 
#ResBakuna https://t.co/zFXRKXxChe",,,.0,1460524291305316352
2021-11-16 09:29:21,Jhanine Araza-de Villa,61989182,,-1,en,"<a href=""http://twitter.com/download/iphone"" rel=""nofollow"">Twitter for iPhone</a>",1400 target per day? Lezz do this!!! ???? #Resbakuna #Pfizer,,,.0,1460419686391160835
2021-11-13 12:51:52,Charinah Madlangbayan,791405887,ChaMadlangbayan,791405887,en,"<a href=""http://twitter.com/download/android"" rel=""nofollow"">Twitter for Android</a>","2/2 First dose, DONE ✅??????
#GetVaccinated #Resbakuna #Pfizer https://t.co/7DgDxnIiNz",,,.0,1459383487778426880
2021-11-13 12:41:55,Charinah Madlangbayan,791405887,,-1,en,"<a href=""http://twitter.com/download/android"" rel=""nofollow"">Twitter for Android</a>","1/2 First dose, DONE ✅??????
#GetVaccinated #Resbakuna #Pfizer https://t.co/hKubzqpOAg",,,.0,1459380986756485122
2021-11-13 12:35:02,Charinah Madlangbayan,791405887,,-1,en,"<a href=""http://instagram.com"" rel=""nofollow"">Instagram</a>","First dose, DONE ✅??????
#GetVaccinated #Resbakuna #Pfizer https://t.co/3CkB2YtJKa",,,.0,1459379251325587460
2021-11-17 04:39:21,Kaye,956266072440635392,,-1,en,"<a href=""http://twitter.com/download/iphone"" rel=""nofollow"">Twitter for iPhone</a>",Boosted! Have you had yours yet? #TEAMMOLLY #TheMollyWay #CovidVaccine #Booster #ThirdShot #Moderna #StayHealthy https://t.co/pAHOkyizxw,,,91.0,1460709096416428034
2021-11-22 07:27:52,Jacki Thrapp,441307652,,-1,en,"<a href=""http://twitter.com/download/iphone"" rel=""nofollow"">Twitter for iPhone</a>",Booster baby! #Moderna https://t.co/5mal4x1Uk6,,,.0,1462563441118486536
2021-11-22 06:53:03,The Tweetist Formerly Known As twirlandswirl,1402362693005332493,,-1,en,"<a href=""http://twitter.com/download/android"" rel=""nofollow"">Twitter for Android</a>",Boosted status achieved! #Moderna #CovidVaccine https://t.co/VtQfN1DJnH,,,.0,1462554681377497089
2021-11-22 06:29:47,daniel yount,24974925,,-1,en,"<a href=""https://mobile.twitter.com"" rel=""nofollow"">Twitter Web App</a>",Got my #Moderna #COVID19 booster shot out of the way. #vaccinated,,,.0,1462548826154168321
2021-11-22 05:25:57,Nathan Pike,258379033,,-1,en,"<a href=""http://twitter.com/download/iphone"" rel=""nofollow"">Twitter for iPhone</a>",All boostered up! #Moderna,,,.0,1462532759981735940
2021-11-22 05:14:35,Stephenie,2418971987,,-1,en,"<a href=""http://twitter.com/download/iphone"" rel=""nofollow"">Twitter for iPhone</a>","I am ?? pro vaccination, but maybe consider if you truly need a booster yet..Just got my #Moderna #booster yesterday, and I feel 100x worse than either of my first 2 shots ?? Can barely move",,,.0,1462529900112498694
2021-11-22 04:39:30,Kevin C. Nolan,1227964149709393922,,-1,en,"<a href=""http://twitter.com/download/android"" rel=""nofollow"">Twitter for Android</a>","Just recieved 3rd dose (not booster) of my #CovidVaccine. #Moderna

Anxiously awaiting the truck that is likely to run me over. Didn't realize I was getting a full dose.",,,.0,1462521070880231426
2021-11-22 04:05:09,??⁶,1412141023,,-1,en,"<a href=""http://twitter.com/download/android"" rel=""nofollow"">Twitter for Android</a>",Tis my time to shine #Moderna https://t.co/SzRZoGGsnY,,,.0,1462512426453061633
2021-11-22 02:55:48,Matt Fowler,327658633,,-1,en,"<a href=""http://twitter.com/download/iphone"" rel=""nofollow"">Twitter for iPhone</a>",Finally a booster to like around this time of year.  #covidboostershot #moderna #jinglealltheway https://t.co/hbKKCUCBjG,,,.0,1462494976743464964
2021-11-22 01:44:53,Tia,37189536,,-1,en,"<a href=""http://twitter.com/download/android"" rel=""nofollow"">Twitter for Android</a>",I just received the #Moderna #Booster today. Yeah! https://t.co/ppgN9rCQ8U,,,.0,1462477126817484810
2021-11-22 01:11:21,⚪️Krowvzki,1020699103682965504,,-1,en,"<a href=""http://twitter.com/download/android"" rel=""nofollow"">Twitter for Android</a>","Late post
11/19/21
#FullyVaccinated
#Moderna
Aventus Cubao/SM Megamall https://t.co/dIo4mxSkAu",,,.0,1462468688519434241
2021-11-22 01:05:30,ER2013MD,1596356298,,-1,en,"<a href=""http://twitter.com/download/iphone"" rel=""nofollow"">Twitter for iPhone</a>",Post Covid spinnin it out @onepeloton #Covid_19 #VaccinesWork #vaccinated #Moderna #ModernaBooster,,,.0,1462467215517749256
2021-11-13 17:04:31,JodiKyman,16973217,,-1,en,"<a href=""http://twitter.com/download/android"" rel=""nofollow"">Twitter for Android</a>",I got mine last week. #Booster #Pfizer #Moderna #coronavirus #johnsonandjohnson #COVID19 https://t.co/x3xU0LOctV,,,.0,1459447071828627463
2021-11-13 16:38:51,kyla,1212307080175964162,,-1,en,"<a href=""http://twitter.com/download/android"" rel=""nofollow"">Twitter for Android</a>",got my first dose today❗#moderna,,,.0,1459440612063604737
2021-11-13 15:37:34,Raja Sameer(Follow Back),1396493398253744128,RajaSameer78,1396493398253744128,en,"<a href=""http://twitter.com/download/android"" rel=""nofollow"">Twitter for Android</a>",I have been vaccinated #Moderna Which one have you got?,,,.0,1459425186843926529
2021-11-13 13:56:17,whitford,278886326,,-1,en,"<a href=""http://twitter.com/download/iphone"" rel=""nofollow"">Twitter for iPhone</a>",Boosted!  ?? ?? ?? #Pfizer #Moderna #cocktail,,,.0,1459399699987722241
2021-11-13 13:38:27,May,2854202287,,-1,en,"<a href=""https://mobile.twitter.com"" rel=""nofollow"">Twitter Web App</a>",First dose done! #Moderna,,,.0,1459395211486842882
2021-11-13 11:16:29,Chris Hofer,49145460,,-1,en,"<a href=""https://twitterrific.com/ios"" rel=""nofollow"">Twitterrific for iOS</a>",Got my COVID booster shot over the lunch hour today! #Moderna #COVID19 #Booster #BoosterShot,,,.0,1459359486741823492
2021-11-13 11:13:13,Laura Miller⚡️,23917002,,-1,en,"<a href=""http://twitter.com/download/iphone"" rel=""nofollow"">Twitter for iPhone</a>",This booster is no joke. ?? #noregrets #moderna,,,.0,1459358664326742016
2021-11-13 10:59:34,Demander of Dignity and UBI ??✌??????????️‍??????,1243182447459586049,,-1,en,"<a href=""http://twitter.com/download/android"" rel=""nofollow"">Twitter for Android</a>","I am getting my Moderna booster shot tomorrow morning.  

#GetVaccinated #Moderna #boostershot",,,1.0,1459355227916668931
2021-11-22 09:16:45,Sara,764814491334868992,,-1,en,"<a href=""http://twitter.com/download/iphone"" rel=""nofollow"">Twitter for iPhone</a>",My 11 yr old got her vaccine and I got my booster. Only side effect is a slightly sore upper arm at the injection site for both of us. #Pfizer  #vaccinated #GetVaxxedForTheKids,,,.0,1462590842154237958
2021-11-22 08:33:34,Adriana García,1184587332378415104,,-1,en,"<a href=""http://twitter.com/download/iphone"" rel=""nofollow"">Twitter for iPhone</a>","Got my #Pfizer #booster dose 5 hours ago and everything amazing.
In my first dose I had a big allergic reaction, second dose just a mild allergic reaction, and now booster no allergic reaction ??????",,,.0,1462579977157849090
2021-11-22 07:31:50,dtphx9??@deltso,213214401,,-1,en,"<a href=""http://twitter.com/download/iphone"" rel=""nofollow"">Twitter for iPhone</a>","I just got my vaccine booster (Pfizer) - had Moderna in April and March 2021! ?????? #Pfizer …oh, and I got my flu shot at the same time!",,,.0,1462564439488532481
2021-11-22 07:10:18,THEE CA/VA ??????,134942808,,-1,en,"<a href=""http://twitter.com/download/iphone"" rel=""nofollow"">Twitter for iPhone</a>",And we are boosted!!!! #Pfizer,,,.0,1462559020967997443
2021-11-22 06:32:20,Alex,174945709,Twitter,783214,en,"<a href=""https://mobile.twitter.com"" rel=""nofollow"">Twitter Web App</a>","@twitter is censoring info again.... ????
#Pfizer #vaccine #covid https://t.co/oAb1vQ2rVQ",,,.0,1462549466087518209
2021-11-20 13:13:09,Ashik Uz Zaman,1380881463063707652,,-1,en,"<a href=""http://twitter.com/download/android"" rel=""nofollow"">Twitter for Android</a>","1st dose done✅

#Pfizer",,,.0,1461925560175632390
2021-11-20 11:17:24,Infection Control ??⚕️??,308240692,,-1,en,"<a href=""http://twitter.com/download/android"" rel=""nofollow"">Twitter for Android</a>",Booster Shot today... #Pfizer ??,,,.0,1461896429622874118
2021-11-20 11:09:46,Krizel♡,1280847028516339713,,-1,en,"<a href=""http://twitter.com/download/android"" rel=""nofollow"">Twitter for Android</a>","Fully Vaccinated!????
#Pfizer",,,.0,1461894508476461057
2021-11-20 10:40:49,Nathan,36803321,,-1,en,"<a href=""http://twitter.com/download/iphone"" rel=""nofollow"">Twitter for iPhone</a>",I can’t wait for the #Pfizer Plus subscription.,,,.0,1461887224807505920
2021-11-20 10:30:07,Perez,3911239745,,-1,en,"<a href=""https://www.hootsuite.com"" rel=""nofollow"">Hootsuite Inc.</a>","Got my #COVID booster shot today. I had previously taken the #Pfizer, but today I did #Moderna. My sister said it's good to mix and match! I trust her! It's also good to take @MyTrueTen! Get my new #CBD gummies at https://t.co/QmwNjLWYWf https://t.co/mIcjlNect3",,,5.0,1461884530059530246
2021-11-20 09:22:26,kuyalarry21,931803318,,-1,en,"<a href=""http://twitter.com/download/android"" rel=""nofollow"">Twitter for Android</a>","Okay, next in line nako for booster

?????? #Pfizer",,,.0,1461867497968357385
2021-11-20 08:49:24,Master Gordon Thomas,726849361120997376,fscarfe,405259565,en,"<a href=""https://mobile.twitter.com"" rel=""nofollow"">Twitter Web App</a>",@fscarfe Either is a jab of #Pfizer,,,.0,1461859183993708546
2021-11-20 07:48:52,dondikeanukam,1190662378175598592,,-1,en,"<a href=""http://twitter.com/download/android"" rel=""nofollow"">Twitter for Android</a>",I got my #Pfizer #Booster #BoosterShot for #Covid_19 DONE ✅ today https://t.co/nHYiPPlJdF,,,.0,1461843949656567809
2021-11-20 07:44:11,JUN3,144047459,,-1,en,"<a href=""http://twitter.com/download/android"" rel=""nofollow"">Twitter for Android</a>","Gotta get a booster now.????
#Pfizer #Moderna #CovidVaccine",,,.0,1461842771887726593
2021-11-20 07:38:26,James Martin,1259849164709601280,,-1,en,"<a href=""http://twitter.com/download/android"" rel=""nofollow"">Twitter for Android</a>","This is the right way to do it ??✊??
@bmj_latest ??#pfizer https://t.co/GmaWcltWWN",,,.0,1461841326534807562
2021-11-20 07:33:13,LefideLeDesigns,832403584046100480,,-1,en,"<a href=""http://twitter.com/download/iphone"" rel=""nofollow"">Twitter for iPhone</a>","I got my 3rd #Pfizer #vaccine (1st booster) & it was actually a better after experience than the first 2. Don’t hesitate, the holidays are here. #Covid ???? #ScienceOverPolitics https://t.co/H2kwHC0Of4",,,.0,1461840013973508103
2021-11-20 07:26:41,iam.jen ????,1369886424451846146,,-1,en,"<a href=""http://twitter.com/download/android"" rel=""nofollow"">Twitter for Android</a>","Yesterday, my son got his first shot of #pfizer ???? vacineee. WOOHOO! https://t.co/Yv3WCsccJf",,,.0,1461838368833036291
2021-11-20 06:55:35,"Shasta N. Inman, Esq (she/her)",961054710760263681,,-1,en,"<a href=""http://twitter.com/download/android"" rel=""nofollow"">Twitter for Android</a>","Got that #covidbooster baby
#Pfizer #pfizerbooster #VaccinesSaveLives #drivethroughshotclinic https://t.co/hfD5A4Zxvz",,,.0,1461830544535089154
2021-11-20 06:52:28,Michael Wade Moss,53622291,,-1,en,"<a href=""http://twitter.com/download/iphone"" rel=""nofollow"">Twitter for iPhone</a>",Getting mines in January #wordsofmoss #COVID19 #Pfizer https://t.co/BkKX73UCyf,,,.0,1461829758011035662
2021-11-20 06:34:08,Robert C. McGee aka Joe Cracker,47392690,,-1,en,"<a href=""http://twitter.com/download/iphone"" rel=""nofollow"">Twitter for iPhone</a>",Finally I can schedule my booster shot! #Covid_19 #coronavirus #Moderna #Pfizer https://t.co/crSE9l64AU,,,.0,1461825145971130376
2021-11-20 05:35:55,Sarah Coggins ??????,14824820,,-1,en,"<a href=""https://ifttt.com"" rel=""nofollow"">IFTTT</a>","Boosted!! ?? 
#covidvacccine #asthma #wearamask #thisisourshot #covidbooster #pfizer https://t.co/xFtTCsU7aU https://t.co/EvHPQN77pp",,,.0,1461810494575104013
2021-11-20 04:41:30,Ashton Montgomery,393701400,,-1,en,"<a href=""http://twitter.com/download/iphone"" rel=""nofollow"">Twitter for iPhone</a>",Treated myself since I got my booster last night! #booster #Starbucks #pfizer @Starbucks https://t.co/K1AEXI9Mim,,,.0,1461796798167760896
2021-11-20 03:55:16,Pasqal ?? 322,1430201557535150086,,-1,en,"<a href=""http://twitter.com/download/android"" rel=""nofollow"">Twitter for Android</a>",#Pfizer kills #terugvolgvrijdag https://t.co/gbKJFAucxa,,,.0,1461785163130671125
2021-11-20 03:51:33,MyPOProgative,1420878853724155906,,-1,en,"<a href=""http://twitter.com/download/iphone"" rel=""nofollow"">Twitter for iPhone</a>",Got my boostie! #GetVaccinated #VaccinesWork #VaccinesSaveLives #COVID19 #pfizer #fauciouchie,,,.0,1461784229885448192
2021-11-20 03:43:14,UNSCARED,1354600423450144770,,-1,en,"<a href=""https://mobile.twitter.com"" rel=""nofollow"">Twitter Web App</a>","Trust The Science!!

#Pfizer #suddendeaths2021 https://t.co/azBAGJoGgO",,,1.0,1461782137598844930
2021-11-20 02:59:25,"R Doan, MD",1351683537867517953,,-1,en,"<a href=""https://mobile.twitter.com"" rel=""nofollow"">Twitter Web App</a>","Doesn't this seem a little weird?  Talk about fueling conspiracy types, #Pfizer! https://t.co/cXTVyG7CMQ",,,.0,1461771109855023113
2021-11-20 02:53:23,Kerrin Marie,3447129195,,-1,en,"<a href=""http://twitter.com/download/iphone"" rel=""nofollow"">Twitter for iPhone</a>",Got my booster at lunch ??❤️ #Booster #Pfizer #Science #COVIDVaccination https://t.co/B1ktWLH14e,,,.0,1461769592980787207
2021-11-20 02:38:31,Dalebert,1073001393508749312,,-1,en,"<a href=""https://mobile.twitter.com"" rel=""nofollow"">Twitter Web App</a>","#Pfizer booster shot- ✔
#Fluvaccine - ✔

How long do I have to wait for my 5G boost to kick in?",,,.0,1461765850755645448
2021-11-20 02:28:49,Beth Martin,2576471535,martriano1,2576471535,en,"<a href=""http://twitter.com/#!/download/ipad"" rel=""nofollow"">Twitter for iPad</a>","Well something good happen today, I was able to get my #Pfizer booster shot! 
One less thing I have to worry about! ???? https://t.co/iRwpN81EUU",,,.0,1461763406701150222
2021-11-20 02:25:48,FMC.19,953335267020234757,,-1,en,"<a href=""http://twitter.com/download/android"" rel=""nofollow"">Twitter for Android</a>",#Pfizer kills ??☠️?????? https://t.co/kfe7pJ86n1,,,1.0,1461762648962441220
2021-11-20 02:15:34,"Christopher J. Pratts, M.S.",776453048172503041,,-1,en,"<a href=""http://twitter.com/download/android"" rel=""nofollow"">Twitter for Android</a>",Boosted. It was so seamless that the appointment (and booster shot) were completed the minute the appointment was supposed to begin. #boostershot #pfizer #Pfizervaccine #CovidVaccine #Booster #letsgo https://t.co/0MMTfm2TNX,,,.0,1461760076134371345
2021-11-20 01:47:57,A Devoted Yogi,612931307,,-1,en,"<a href=""http://twitter.com/download/android"" rel=""nofollow"">Twitter for Android</a>","Still trust these assh*les?

#Pfizer #wtf https://t.co/yM7JVzJqEF",,,5.0,1461753123983167491
2021-11-20 01:17:49,Alex McGrath,532010127,,-1,en,"<a href=""http://twitter.com/download/iphone"" rel=""nofollow"">Twitter for iPhone</a>","Thankfully, as I’m planning to visit some family members soon, and I will be traveling by air. As it has been over six months since my second dose of #Pfizer, I’ll try to get one within a few days. https://t.co/Ze3wwpmcPW",,,.0,1461745539549073410
2021-11-20 01:12:21,dawn henderson:,242078579,,-1,en,"<a href=""http://twitter.com/download/android"" rel=""nofollow"">Twitter for Android</a>",Just got my Covid booster shot! #Pfizer #thewaitingisthehardestpart https://t.co/9Jo11ufvfK,,,.0,1461744166938058757
2021-11-20 01:11:52,paulo,1383905200679710736,,-1,en,"<a href=""http://twitter.com/download/iphone"" rel=""nofollow"">Twitter for iPhone</a>","Oooooh yes!

https://t.co/hVLQDqCE26

#Pfizer #ScienceWillWin https://t.co/HJYcVislul",,,.0,1461744042681712641
2021-11-20 01:02:47,April Cole,1043948064103264256,,-1,en,"<a href=""http://twitter.com/download/iphone"" rel=""nofollow"">Twitter for iPhone</a>",Sticking with #Pfizer. ?? https://t.co/GMxaUueBzf,,,.0,1461741758069551112
2021-11-22 01:34:10,Robbie Walsh,276466866,,-1,en,"<a href=""http://twitter.com/download/android"" rel=""nofollow"">Twitter for Android</a>","Make mine a triple

#CovidVacccine #Booster #Covid19 #Pfizer #CovidBooster #PfizerBioNTech #NationalAmbulanceService #999Life #GetTheVaccine https://t.co/8y0PrFKM7a",,,.0,1462474433134800909
2021-11-21 19:38:49,Reymund Navarro,42573075,,-1,en,"<a href=""http://instagram.com"" rel=""nofollow"">Instagram</a>",Right after getting my 3rd Jab #boostershot #pfizerbiontech #Singapore #samsunggalaxys21ultra5g #samsungs21ultraphotography #covidvacccine https://t.co/7LoOkNcMyO,,,.0,1462385005062234114
2021-11-21 14:51:07,❥it's A⁷⚕,949285225476993025,,-1,en,"<a href=""https://mobile.twitter.com"" rel=""nofollow"">Twitter Web App</a>","RT @ziysuh: I believe in ""cutie"" supremacy. Answered prayers, finally!

#Firstdose
#PfizerBiontech 
#PfizerCutie https://t.co/B3ceZlSkFK",,,1.0,1462312601157726210
2021-11-20 19:58:00,Avalon777Alex,1365569375068164097,,-1,en,"<a href=""https://mobile.twitter.com"" rel=""nofollow"">Twitter Web App</a>","#PfizerBiontech #Pfizer #PfizerLeak 
#Covid_19 #vaccine data #USA #FDA

Full realease of safety/efficacy data in year 2076!
?? https://t.co/fAZJljTUpd",,,2.0,1462027444173561872
2021-11-20 19:41:32,rahjr,22806444,,-1,en,"<a href=""http://twitter.com/#!/download/ipad"" rel=""nofollow"">Twitter for iPad</a>","The #PfizerBiontech vaccine is modern, like an iPhone pro. The anti-vax crowd is suspicious because it’s not a rotary dial phone. https://t.co/oC4Y94BCmL",,,.0,1462023298158583808
2021-11-20 16:39:10,Jayvee De Guzman,34557950,,-1,en,"<a href=""http://instagram.com"" rel=""nofollow"">Instagram</a>",Tommy just got vaxxed! #vaxxed?? #pfizerbiontech?? https://t.co/2Fts2wKMi3,,,.0,1461977406823178250
2021-11-20 12:40:09,20freetobe20,380727130,,-1,en,"<a href=""http://twitter.com/download/iphone"" rel=""nofollow"">Twitter for iPhone</a>",#Pfizer #PfizerBiontech #PfizerLeak #PfizerExposed They Knew #CrimeAgainstHumanity https://t.co/440QzFTiyt,,,1.0,1461917257362247685
2021-11-18 18:45:29,Margo Payne,19873575,,-1,en,"<a href=""http://twitter.com/download/android"" rel=""nofollow"">Twitter for Android</a>","Thanks to the marvelous #volunteers @kennet_shopping  #vaccinationCentre I am all boosted up with #PfizerBioNTech 
Please everyone get vaccinated if you are safe to do so,  to keep us all safe!
@WestBerksPH @HealthWWBerks @KunjappyHer 
#Covid_19 will not defeat us!",,,.0,1461284417092132870
2021-11-18 13:56:38,???????????? ??,4861953090,,-1,en,"<a href=""http://twitter.com/download/android"" rel=""nofollow"">Twitter for Android</a>","I am fully vaccinated ?????? 
Thank you, Magsingal Health Office ??

Now it' s your turn, be responsible and get VACCINATED to make sure you get protected also. ❤️

#PfizerBioNTech 
#ResBakuna
#ProtektadongBakubado
#GetVaccinatedNow 
#FightCovid19 https://t.co/0TMUNhm9SR",,,.0,1461211728281174016
2021-11-18 03:31:27,Dr Giacomo Benedetto,937417056,ggbenedetto,937417056,en,"<a href=""http://twitter.com/download/android"" rel=""nofollow"">Twitter for Android</a>",#PfizerBioNTech has given me a worse headache than AstraZeneca,,,.0,1461054395882344452
2021-11-17 11:17:44,Sujan,1127832578,,-1,en,"<a href=""http://twitter.com/download/android"" rel=""nofollow"">Twitter for Android</a>","First dose ✅
#PfizerBioNTech",,,.0,1460809350792896516
2021-11-13 15:12:54,Jat Reyes,183110032,,-1,en,"<a href=""http://instagram.com"" rel=""nofollow"">Instagram</a>","1st shot done ??????
Good job @tats.reyes, so brave! ??????

#covidvacccine #1stdosedone??✔️ #pfizerbiontech @ Quezon City, Philippines https://t.co/zf8dCnoHCt",14.6,121.0,.0,1459418979638779906
