Created-At,From-User,From-User-Id,To-User,To-User-Id,Language,Source,Text,Geo-Location-Latitude,Geo-Location-Longitude,Retweet-Count,Id
2021-11-27 10:19:29,Ms.f_23,1464415241505316865,,-1,tl,"<a href=""http://twitter.com/download/android"" rel=""nofollow"">Twitter for Android</a>","Finally natapos na
#2nddose 
#sinovac https://t.co/umgMG2ZS7s",,,.0,1464418569026899974
2021-11-26 14:05:49,qb for #MedCannParty2022 #SulongGibo????,599234070,,-1,tl,"<a href=""https://mobile.twitter.com"" rel=""nofollow"">Twitter Web App</a>","Wew, #PfizerElitism pa rin ba? 

Kung gusto niyo talaga ng Pfizer, nandiyan ang Terramycin, Combantrin, Dimetapp, Robitussin, at Viagra.

Akala naman kasi nakakababa ng estado kapag #Sinovac kasi hindi gawang Amerika o anumang Western country. https://t.co/izQol75UQL",,,.0,1464113139876651009
2021-11-26 08:34:19,MAMITA SAYS ???? | #FlushGordon,45486979,,-1,tl,"<a href=""http://twitter.com/download/android"" rel=""nofollow"">Twitter for Android</a>","Pinakamainam kaya itong Sinovac dahil gawa sa ""tried and tested"" na parang sa paggawa ng bakuna. Too bad this is not known by a lot of people. This is my preferred vaccine! ????‍♀️ #Sinovac https://t.co/scQhERkuCy",,,21.0,1464029718152237057
2021-11-27 15:19:18,Prince AL Landicho,872605560595546114,,-1,tl,"<a href=""http://twitter.com/download/android"" rel=""nofollow"">Twitter for Android</a>","Fully vaccinated!! ???? Hmm pwede ng magdine in hahaha. Thank you, TDG! ?? #AstraZeneca https://t.co/1Ahs3RX65Y",,,.0,1464494023616335878
2021-11-24 03:31:52,N H i N ✨,417448128,,-1,tl,"<a href=""http://twitter.com/download/android"" rel=""nofollow"">Twitter for Android</a>",Yung pinatay ko na yung aircon pero nag chichills padin ako. Lupet mo talaga #AstraZeneca ????,,,.0,1463228826574487559
2021-11-24 01:12:20,JoannaNepomuceno,962881263311843328,,-1,tl,"<a href=""http://twitter.com/download/android"" rel=""nofollow"">Twitter for Android</a>","Nawalan nga ng sakit, ang sakit naman ng mga muscle ko sa katawan??‍♀️ iba ka talaga #AstraZeneca ??",,,.0,1463193712205336579
2021-11-21 19:49:40,Gelo,3011990690,,-1,tl,"<a href=""http://twitter.com/download/android"" rel=""nofollow"">Twitter for Android</a>",Ang tindi talaga ng #AstraZeneca,,,.0,1462387736724213762
2021-11-20 11:49:52,Lablinaa❤,1061787835026497536,,-1,tl,"<a href=""http://twitter.com/download/android"" rel=""nofollow"">Twitter for Android</a>","Ayoko sayo pero ikaw ang napatapat sakin??di ko alam kung anong magiging epekto mo sakin??
#1st dose
#astrazeneca",,,.0,1461904603079790592
2021-11-28 21:56:32,Cel Arimado,3671081472,,-1,tl,"<a href=""http://twitter.com/download/android"" rel=""nofollow"">Twitter for Android</a>","Ang fresh ni Alden dun ah #Resbakuna song

#AldenRichards
@aldenrichards02",,,.0,1464956375126081540
2021-11-28 14:02:55,^o^||¡:3,1221603939784593409,kalakumag,351167545,tl,"<a href=""http://twitter.com/download/android"" rel=""nofollow"">Twitter for Android</a>","@kalakumag Sosyal sayo BBQ ?? buti naka 1st dose kana, 2nd dose ko bukas #MODERNA ????✌️",,,.0,1464837187006910473
2021-11-27 18:57:54,BBS SAMANTHA??????,1229433577210667008,,-1,tl,"<a href=""http://twitter.com/download/android"" rel=""nofollow"">Twitter for Android</a>","Normal lang na ba 2 araw ako nilagnat after having my second dose of vaccine (moderna)? And is it normal na masakit pa din ang braso ko hanggang ngayon? I hot my vaccine last Thursday btw..

#Moderna",,,.0,1464549034060746752
2021-11-27 10:21:12,Janelle Manaluz Fernandez,2397471102,,-1,tl,"<a href=""http://twitter.com/download/android"" rel=""nofollow"">Twitter for Android</a>","Akala ko di ako tatablan, Akala ko lang pala yun ??‍♀️??‍♀️???????? #Moderna https://t.co/RR102zJkHR",,,.0,1464419002340757510
2021-11-26 11:00:59,Happy,942196522577362945,,-1,tl,"<a href=""http://twitter.com/download/android"" rel=""nofollow"">Twitter for Android</a>","Hi Doc, papaturok din ako pls. #Orange #Moderna https://t.co/bF8McYooON",,,.0,1464066626597183489
2021-11-26 10:45:15,ashh,1343918871200198656,,-1,tl,"<a href=""http://twitter.com/download/android"" rel=""nofollow"">Twitter for Android</a>",Bigat mo sa braso #moderna,,,.0,1464062668600266754
2021-11-26 02:09:19,Vaughn Hautea,56102891,,-1,tl,"<a href=""http://twitter.com/download/iphone"" rel=""nofollow"">Twitter for iPhone</a>",bigat ng braso ko and may fever me kalerks #Moderna,,,.0,1463932828542857216
2021-11-25 08:40:27,Keuliseuui Johab(Cris),1375557716672847873,,-1,tl,"<a href=""http://twitter.com/download/android"" rel=""nofollow"">Twitter for Android</a>","Vaccinated na hahaha
#moderna https://t.co/oMpqoC7tyK",,,.0,1463668873941508099
2021-11-24 18:06:52,Potato.,3240522804,,-1,tl,"<a href=""http://twitter.com/download/iphone"" rel=""nofollow"">Twitter for iPhone</a>",Weird na naman tong pakiramdam ko ah #moderna,,,.0,1463449026750078976
2021-11-23 15:09:59,??,1165179259985391616,,-1,tl,"<a href=""http://twitter.com/download/android"" rel=""nofollow"">Twitter for Android</a>",#FullyVaccinated #Moderna  ready na sa ftf! Char hahaha saka na pagpasado this semester ?? https://t.co/O4TmLspYEc,,,.0,1463042127483396102
2021-11-27 19:44:56,GeB. ??????,1469748847,,-1,tl,"<a href=""http://twitter.com/download/android"" rel=""nofollow"">Twitter for Android</a>",??GALAXIE #Pfizergate #Pfizer https://t.co/uiDe02zFue,,,2.0,1464560868927148032
2021-11-27 19:44:27,Lucy | POG,1447864589509484547,,-1,tl,"<a href=""https://mobile.twitter.com"" rel=""nofollow"">Twitter Web App</a>","after maka-5 wins sa arena, 10 naman sa adv tas sleep ulit??
#2ndDose
#Pfizer 

mala tweet muna ng tita style hehe",,,1.0,1464560747787087875
2021-11-27 16:58:27,에리카,3459198750,,-1,tl,"<a href=""http://twitter.com/download/iphone"" rel=""nofollow"">Twitter for iPhone</a>","Fully vaccinated yesterday. Buti na lang di gaano kasakit sa balikat ngayon unlike nung first dose☺️ 
#pfizer",,,.0,1464518975572774916
2021-11-27 10:17:23,jing16,1254008714,,-1,tl,"<a href=""http://instagram.com"" rel=""nofollow"">Instagram</a>","#1stdosedone??✔️ 
#pfizer 

Salamat po sa nagbigay ng slot ???? https://t.co/jmanicLGTH",,,.0,1464418044185305097
2021-11-27 00:04:54,just a tiny little hotdog,1459868802997698560,,-1,tl,"<a href=""http://twitter.com/download/android"" rel=""nofollow"">Twitter for Android</a>","Grabe pala yung pfizer ano ang lakas ng tama ko sayo.

#Pfizer #VaccineSideEffects #vaccination #COVID19 #Covid #NewVariant",,,.0,1464263907321602053
2021-11-26 21:41:13,Chinskii,1173567995316097027,eddwwaarrdd2,1192422327109054465,tl,"<a href=""http://twitter.com/download/android"" rel=""nofollow"">Twitter for Android</a>",@eddwwaarrdd2 Effect sa #Pfizer,,,.0,1464227745743790088
2021-11-26 16:30:18,Rairai,3194008082,,-1,tl,"<a href=""http://instagram.com"" rel=""nofollow"">Instagram</a>",Nang ma-vax si baccs! #BoosterShot #Pfizer @ SM Aura Premier https://t.co/GEStu7yHkm,14.5,121.1,.0,1464149501862727689
2021-11-26 12:19:07,???????????????? ?????????????? ♡,1368510677011234818,,-1,tl,"<a href=""http://twitter.com/download/android"" rel=""nofollow"">Twitter for Android</a>","Fully vaccinated is real...
San may mga free kapag fully vaxx na? Hahahaha! Charot! #Pfizer #FullyVaccinated",,,.0,1464086287875391489
2021-11-26 11:07:01,pzo,1461706819219324935,,-1,tl,"<a href=""https://mobile.twitter.com"" rel=""nofollow"">Twitter Web App</a>","sakit ng braso ko??
#VaccineSideEffects
#Pfizer",,,.0,1464068146608762881
2021-11-25 22:35:15,CatO,22191866,,-1,tl,"<a href=""https://mobile.twitter.com"" rel=""nofollow"">Twitter Web App</a>",Hahaha #Pfizer https://t.co/LeDbTGo99O,,,.0,1463878957590265865
2021-11-25 20:00:09,Ikay Baguio - Astrid Mazikeen,1456271338297913347,,-1,tl,"<a href=""http://twitter.com/download/android"" rel=""nofollow"">Twitter for Android</a>","finally, got my booster dose! ?? nakapag #Pfizer din kahit booster lang. ?? https://t.co/8H1b7VlwYN",,,.0,1463839924168237059
2021-11-25 15:56:37,JemaKhalifa,1088813586623971330,,-1,tl,"<a href=""http://twitter.com/download/android"" rel=""nofollow"">Twitter for Android</a>",Got my First Dose mo gwapa na dyud sok???? #Pfizer https://t.co/hHOK9wTWUT,,,.0,1463778638361288706
2021-11-25 15:07:55,sir edward,58481093,,-1,tl,"<a href=""http://instagram.com"" rel=""nofollow"">Instagram</a>","Boosted! ??????
Sorry na sa pa Chinese Ham, lapit na kasi Christmas ??????
#Pfizer ?? @ Isabelo delos Reyes Elementary School https://t.co/4LH32byUff",14.6,121.0,.0,1463766381950820352
2021-11-25 13:17:33,keybin ;,1136238963570618368,,-1,tl,"<a href=""http://twitter.com/download/android"" rel=""nofollow"">Twitter for Android</a>","grabe side effects ng 2nd dose, tipong mas masakit pa nung iniwan ka niya
#pfizer
#qcprotektado
#2nddose

HAHAHAHHA jkk",,,.0,1463738606170697738
2021-11-25 11:36:28,StarkMD2,948523526167846913,,-1,tl,"<a href=""http://twitter.com/download/iphone"" rel=""nofollow"">Twitter for iPhone</a>",Done with my covid 19 booster vaccine. Makakapagpost na din ng #Pfizer.,,,.0,1463713167737978889
2021-11-25 10:57:41,MERDOMS Channel,1460205326347964418,,-1,tl,"<a href=""http://twitter.com/download/android"" rel=""nofollow"">Twitter for Android</a>","2nd Dose ✅ #Pfizer #mandavax 
Sa wakas makaka dine-in na din.. 
#fullyvaxxed https://t.co/kUTr2hQlur",,,.0,1463703406720131074
2021-11-24 12:32:05,ㅋㅁ,1362678726190714880,,-1,tl,"<a href=""http://twitter.com/download/android"" rel=""nofollow"">Twitter for Android</a>","COVID19 vaccine booster ✅✅✅ 
Sana walang malalang side-effects dahil tambak ang trabaho ko ????
#Pfizer https://t.co/9Z9hxpWBpt",,,.0,1463364776881393668
2021-11-24 11:41:29,serafine,1437434140278747136,,-1,tl,"<a href=""http://twitter.com/download/android"" rel=""nofollow"">Twitter for Android</a>",bakit puro #1stdose #Pfizer ang nakikita ko today sa facebook?? HAHAHAHAHAHAHAHAHA,,,.0,1463352043427405827
2021-11-24 09:45:27,T Â D € Ń ® ??????,3713867052,,-1,tl,"<a href=""http://twitter.com/download/iphone"" rel=""nofollow"">Twitter for iPhone</a>",Salamat po Tatay ???????? #qcprotektodo #pfizer https://t.co/xOR0wLkSm7,,,.0,1463322840531279883
2021-11-24 03:01:34,Peggy Acer ❤️??,849527455127830528,,-1,tl,"<a href=""http://twitter.com/download/android"" rel=""nofollow"">Twitter for Android</a>",Kastress yung booster ambigat sa braso ???????? #RESBAKUNA #pfizer #boostershot,,,.0,1463221199735910400
2021-11-23 15:50:46,KA-LE????‍♂️,1263126577639874560,,-1,tl,"<a href=""http://twitter.com/download/android"" rel=""nofollow"">Twitter for Android</a>","Fully Vaccinated ????????
Arat ng gumala ✌??
#Pfizer https://t.co/ujoLtZ69ul",,,.0,1463052390819512322
2021-11-23 15:39:20,Kimmyydora,872708845935525888,,-1,tl,"<a href=""http://twitter.com/download/android"" rel=""nofollow"">Twitter for Android</a>",Shet sakit pala talaga magpa bakuna. #Pfizer,,,.0,1463049510821797890
2021-11-23 11:17:19,??Abby Ian CH,3684126914,,-1,tl,"<a href=""http://twitter.com/download/iphone"" rel=""nofollow"">Twitter for iPhone</a>",Galing ng Marikina LGU. 40mins done ang 1st dose ng dalaginding ko. Napabilib nyo nanaman ako. Good job! #Pfizer #pediatricvaccination,,,.0,1462983573728677890
2021-11-23 10:15:27,telietubies ??,4275399212,,-1,tl,"<a href=""http://twitter.com/download/iphone"" rel=""nofollow"">Twitter for iPhone</a>","Sobrang bigat pa din ng braso, almost 24hrs has passed #CovidVaccineBooster #pfizer https://t.co/MflNTo64WC",,,.0,1462968002488385536
2021-11-22 21:02:49,demvergomez,373937979,,-1,tl,"<a href=""http://twitter.com/download/android"" rel=""nofollow"">Twitter for Android</a>",Yung nagsakitan kilikili nila at nilagnat sila. Thank God hndi naman. #Pfizer,,,.0,1462768531661942787
2021-11-22 13:22:40,ACE♓,813625114440761344,,-1,tl,"<a href=""http://twitter.com/download/android"" rel=""nofollow"">Twitter for Android</a>","Pwede na mag halikan shshshshs

#Pfizer 
#vaccinated https://t.co/vSvHy9C9in",,,.0,1462652731823325184
2021-11-21 14:55:55,Let's Shop Handmade & Natural,337486506,,-1,tl,"<a href=""http://twitter.com/download/android"" rel=""nofollow"">Twitter for Android</a>","Vaccinated na ate sam ko..????
Thank you Mayor @rex_gatchalian
sa maayos na pamamalakad ng @valenzuelacity ?? #ProudValenzuelano #ThankYouLord #BakunadongValenzuelano #Pfizer  #VcVaxTeenEdition https://t.co/TVdLh2WYxb",,,4.0,1462313810568511497
2021-11-20 20:11:13,Rea Sheila Marito,75493704,,-1,tl,"<a href=""http://twitter.com/download/iphone"" rel=""nofollow"">Twitter for iPhone</a>","Bakit ganun, after ng vaccine ko, palage akong antok as in. Feeling ko pinainom ako ng gamot na mataas ang dosage. #Pfizer ??",,,.0,1462030770919387141
2021-11-20 17:59:12,mikhailyyy??,1095870730116333568,,-1,tl,"<a href=""http://twitter.com/download/android"" rel=""nofollow"">Twitter for Android</a>",gusto ko na din mag pa vaccine para may #1stdose #pfizer #vacation na mapost din ako,,,.0,1461997547287764992
2021-11-20 11:01:13,liann_,1306911247061807104,,-1,tl,"<a href=""http://twitter.com/download/android"" rel=""nofollow"">Twitter for Android</a>",Goodluck nlng tlga sa 1st dose:> #Pfizer,,,.0,1461892360300732424
