Created-At,From-User,From-User-Id,To-User,To-User-Id,Language,Source,Text,Geo-Location-Latitude,Geo-Location-Longitude,Retweet-Count,Id
2021-11-28 19:48:47,Itsmecgbt,1429071362761449478,,-1,en,"<a href=""http://twitter.com/download/android"" rel=""nofollow"">Twitter for Android</a>","I may not the prettiest girl that you've seen before but I am the best person that you had 

#firstdose 
#Sinovac https://t.co/bi5zTUrr6f",,,.0,1464924228944207876
2021-11-27 10:15:12,Ms.f_23,1464415241505316865,,-1,en,"<a href=""http://twitter.com/download/android"" rel=""nofollow"">Twitter for Android</a>","First dose
#sinovac https://t.co/SGvU87XCbN",,,.0,1464417493196279808
2021-11-26 22:43:32,aryotic.,704711414271770624,arwana_nishwa,704711414271770624,en,"<a href=""http://twitter.com/download/android"" rel=""nofollow"">Twitter for Android</a>",2nd dose #Sinovac https://t.co/SM5UTFm0Jj,,,.0,1464243429534175233
2021-11-29 03:56:32,"Get off the cross, we need the wood!",1348927456867201025,,-1,en,"<a href=""https://mobile.twitter.com"" rel=""nofollow"">Twitter Web App</a>",Should #Booster be the same as doses 1 and 2? #AstraZeneca #pfizer @LG_NHS,,,.0,1465046971912269839
2021-11-29 00:49:09,Ross Bowen❄️??????????????????????️‍????️‍⚧️??,1295053962,,-1,en,"<a href=""http://twitter.com/download/iphone"" rel=""nofollow"">Twitter for iPhone</a>",Just been #Pfizer’ed up for my booster (after 2 x #AstraZeneca). ????????,,,.0,1464999816988135425
2021-11-27 15:40:24,vince,1368692715760676864,,-1,en,"<a href=""http://twitter.com/download/android"" rel=""nofollow"">Twitter for Android</a>","Got my 2nd dose ??
#AstraZeneca https://t.co/Y6kiItWTKS",,,.0,1464499333752135683
2021-11-27 15:11:07,Lee (the female kind),1278071272329617410,,-1,en,"<a href=""http://twitter.com/download/android"" rel=""nofollow"">Twitter for Android</a>","So very sad. ??
#AstraZeneca #bloodclot #Death https://t.co/3NwOWPKLDz",,,1.0,1464491963470725121
2021-11-27 12:15:04,Lyn,28621742,adarpoonawalla,911182427782909952,en,"<a href=""http://twitter.com/download/android"" rel=""nofollow"">Twitter for Android</a>",@adarpoonawalla @SerumInstIndia Hope #covishield #AstraZeneca booster will keep us safe from #Omicron,,,.0,1464447658941198341
2021-11-27 09:10:02,Khitomer????????,1454766246,,-1,en,"<a href=""http://twitter.com/download/android"" rel=""nofollow"">Twitter for Android</a>","I have to say, #Omicron is kind of a cool name. 
Right up there with #AstraZeneca .",,,.0,1464401094122029063
2021-11-27 00:55:09,Arrogant Insignificance [e.go],33461888,,-1,en,"<a href=""http://twitter.com/download/android"" rel=""nofollow"">Twitter for Android</a>",This is not normal. #moderna #pfizer #JohnsonAndJohnson #AstraZeneca https://t.co/bs5rPOeCzt,,,.0,1464276553580351500
2021-11-27 00:48:32,Creasallis,1434576409326931974,,-1,en,"<a href=""http://twitter.com/download/android"" rel=""nofollow"">Twitter for Android</a>","Finally! Its open #astrazeneca
https://t.co/eUU1qXbNfF",,,.0,1464274886248091662
2021-11-26 20:34:13,Animation Poser,1302077783720386560,,-1,en,"<a href=""https://mobile.twitter.com"" rel=""nofollow"">Twitter Web App</a>","https://t.co/9u8nwptfIB
#AstraZeneca on #Booster  I like the idea my #Tcells are working hard",,,.0,1464210887527604229
2021-11-26 20:28:32,Clayton McCranor,45548647,,-1,en,"<a href=""https://mobile.twitter.com"" rel=""nofollow"">Twitter Web App</a>",????(#AstraZeneca) +??(#Pfizerbooster ) + ??(Flu shot).,,,.0,1464209456464601092
2021-11-26 20:18:02,GB,271877049,,-1,en,"<a href=""http://twitter.com/download/iphone"" rel=""nofollow"">Twitter for iPhone</a>","3rd jab done, hopefully the different manufacturer doesn’t make a difference. #AstraZeneca #Pfizer",,,.0,1464206814363459585
2021-11-26 12:35:44,Gaurav Bhardwaj,91754161,ggauravbhardwaj,91754161,en,"<a href=""http://twitter.com/download/android"" rel=""nofollow"">Twitter for Android</a>","Finally blasted! 

#AstraZeneca",,,.0,1464090470422749190
2021-11-26 07:06:14,Masha Prager-Khoutorsky,778271465456209920,,-1,en,"<a href=""http://twitter.com/download/iphone"" rel=""nofollow"">Twitter for iPhone</a>",??????got 3rd dose of #CovidVaccine??????now triple transfected ??????by #AstraZeneca & #Pfizer & #Pfizer super excited and proud to be #scientists??‍?? ??‍??@AKhoutorsky,,,.0,1464007551301951495
2021-11-26 01:08:41,Niey,3493024758,,-1,en,"<a href=""http://twitter.com/#!/download/ipad"" rel=""nofollow"">Twitter for iPad</a>","Fully Vaccinated❤️
#AstraZeneca https://t.co/gWs6rmJ519",,,.0,1463917570424438784
2021-11-25 23:46:07,Linda,1462885405,,-1,en,"<a href=""http://twitter.com/download/iphone"" rel=""nofollow"">Twitter for iPhone</a>","Just got my third shot. I’m now three times crossed vaccinated. ?????? #AstraZeneca #Moderna #biontechpfizer 
#boostershot #COVIDVaccination #ImpfenRettetLeben #",,,.0,1463896792702062598
2021-11-25 18:08:09,??Muhammed El-Tahawy?? ツ,246257704,,-1,en,"<a href=""http://twitter.com/download/android"" rel=""nofollow"">Twitter for Android</a>","2nd Vaccine done ??✅ ??

#AstraZeneca",,,.0,1463811740559454210
2021-11-25 15:50:09,WelliXL,563148431,,-1,en,"<a href=""http://twitter.com/download/android"" rel=""nofollow"">Twitter for Android</a>",Anyone else had AZ for 1st and 2nd jab then pfizer for booster and constantly feeling sick? #AstraZeneca #Pfizer #COVID19,,,.0,1463777008551436289
2021-11-25 15:49:37,Natascha,2164949560,,-1,en,"<a href=""https://mobile.twitter.com"" rel=""nofollow"">Twitter Web App</a>","Just got my booster!  Astra/BioNtech /BioNtech ??.
#GetVaccinated #GetVaccinatedNow #GetVaxxed #Impfung #dritteimpfung #Biontech #AstraZeneca",,,.0,1463776877647220745
2021-11-25 13:03:23,Lionhearted ??????,244865476,,-1,en,"<a href=""http://twitter.com/download/iphone"" rel=""nofollow"">Twitter for iPhone</a>",1st dose done ???? #Astrazeneca,,,.0,1463735040441864192
2021-11-25 09:40:50,Not Cheryl Kernot,1117006761821491201,,-1,en,"<a href=""http://twitter.com/download/iphone"" rel=""nofollow"">Twitter for iPhone</a>",#AstraZeneca is without a doubt the best vaccine. https://t.co/9vbf2TcRgL,,,.0,1463684068709568513
2021-11-25 07:15:48,Middle Ground Hype Man,1438555788717461510,,-1,en,"<a href=""http://twitter.com/download/iphone"" rel=""nofollow"">Twitter for iPhone</a>",Just saw this on tik tok. Very alarming if true. Anyone have any sources? #AstraZeneca #Godiscoming #praywithme #donotcomply #AdverseReactions https://t.co/VttB8uyN3L,,,.0,1463647570933264386
2021-11-25 03:56:38,Lito,92107869,,-1,en,"<a href=""http://twitter.com/download/android"" rel=""nofollow"">Twitter for Android</a>",Team Astra Zeneca rules. #COVID19 #AstraZeneca ??,,,.0,1463597447977095168
2021-11-24 22:56:46,Alhaitham Gamal,604949826,,-1,en,"<a href=""http://twitter.com/download/android"" rel=""nofollow"">Twitter for Android</a>","Fully vaccinated ??????
#COVID19 #WHO #coronavirus #AstraZeneca @WHO",,,.0,1463521983862345728
2021-11-24 21:48:36,SnuckmyKeso,228623521,,-1,en,"<a href=""http://twitter.com/download/android"" rel=""nofollow"">Twitter for Android</a>","Philipines Be careful of #AstraZeneca 

Research #GuillainbarreSyndrome",,,.0,1463504829821906945
2021-11-24 07:58:44,???? ?? Fully Vaccinated a While Ago.,1286856848528809986,,-1,en,"<a href=""http://twitter.com/download/iphone"" rel=""nofollow"">Twitter for iPhone</a>",Got my booster shot. I got their last one for today and until the next arrival of Booster Shots. #boostershotpfizer #boostershot  #AstraZeneca,,,.0,1463295984621006848
2021-11-24 05:12:26,Gábor Vecsei,1615049227,,-1,en,"<a href=""https://mobile.twitter.com"" rel=""nofollow"">Twitter Web App</a>","2 AstraZeneca + 1 Pfizer = My #COVID19 Part4 Vaccine cocktail

#VaccinesWork #vaccinated #AstraZeneca #Pfizer",,,.0,1463254136334561293
2021-11-25 11:38:24,Cel Mia,140350862,,-1,en,"<a href=""http://instagram.com"" rel=""nofollow"">Instagram</a>",1st dose✅?? #resbakuna #pfizer #covidvacccine https://t.co/vKWcq6cgoC,,,.0,1463713655044947979
2021-11-24 11:06:53,"ARCENAL, JM✨",1251423857178599430,,-1,en,"<a href=""http://twitter.com/download/android"" rel=""nofollow"">Twitter for Android</a>",I just got vaccinated #Pfizer #RESBAKUNA https://t.co/3Xi8ul9xLS,,,.0,1463343336597561349
2021-11-23 20:07:45,Christian Kharl A. Bonite,1605972096,,-1,en,"<a href=""http://instagram.com"" rel=""nofollow"">Instagram</a>","1st Dose Of Astrazeneca, Check!
Fully Vaccinated, Soon. #JustGotVaccinated #BidaBakuna #Resbakuna https://t.co/JHsd8aHx04",,,1.0,1463117059773063175
2021-11-22 16:44:13,Kevz,147174220,,-1,en,"<a href=""http://twitter.com/download/android"" rel=""nofollow"">Twitter for Android</a>",Got my Pfizer booster dose #Resbakuna https://t.co/mfUHWgdSMZ,,,.0,1462703452216193026
2021-11-22 12:59:03,제롬아델 (Jerome Adel)??,57870816,,-1,en,"<a href=""http://twitter.com/download/android"" rel=""nofollow"">Twitter for Android</a>","Second dose done! ??
#Moderna #Resbakuna #ThankYouGOD https://t.co/23WOTjoNwm",,,.0,1462646786909417472
2021-11-29 07:57:01,Marlene Galán,292576899,,-1,en,"<a href=""http://twitter.com/download/iphone"" rel=""nofollow"">Twitter for iPhone</a>",Got my booster just now. #Moderna https://t.co/NkySkcqsbt,,,.0,1465107494087262218
2021-11-29 07:47:21,Johnny Dangerously,2342704548,,-1,en,"<a href=""http://twitter.com/download/android"" rel=""nofollow"">Twitter for Android</a>",Got my #BoosterShots #Moderna,,,.0,1465105059235213314
2021-11-29 07:13:47,AnjoBanjo,33367145,,-1,en,"<a href=""http://twitter.com/download/iphone"" rel=""nofollow"">Twitter for iPhone</a>",Booster shot appointment scheduled! ???? #CovidVaccine  #RoundThree #Moderna #GetItDone,,,.0,1465096611827228676
2021-11-29 06:22:22,Chris Bulin,117823111,,-1,en,"<a href=""http://twitter.com/download/android"" rel=""nofollow"">Twitter for Android</a>",Surprised my only booster side effect is a sore arm. This is way better than my 2nd dose #Booster #CovidVaccine #Moderna #MixAndMatch,,,.0,1465083674756583429
2021-11-29 06:02:36,Starr #GISH fire71,20790611,,-1,en,"<a href=""http://twitter.com/download/android"" rel=""nofollow"">Twitter for Android</a>",Just got my booster- got the Moderns... In my 15 minute waiting zone... #GetVaccinatedNow #Pfizer #Moderna,,,1.0,1465078701239029765
2021-11-29 06:02:20,Marten Hogeweg,32746694,,-1,en,"<a href=""http://twitter.com/download/iphone"" rel=""nofollow"">Twitter for iPhone</a>","Got my #Booster today. Just so we don’t start any more #ConspiracyTheories: the grey beard is not one of the #sideeffects. It was there yesterday as well.

1+2 #Moderna 3 #Pfizer 

#GetVaccinatedNow",,,.0,1465078631437246465
2021-11-29 05:21:50,Namita Raina,94217401,,-1,en,"<a href=""http://twitter.com/download/android"" rel=""nofollow"">Twitter for Android</a>",Boosted! #BoosterShots #Moderna https://t.co/E8LHNjpsXf,,,.0,1465068442072100871
2021-11-29 04:40:23,Andrew Fullerton,713430621016735745,,-1,en,"<a href=""http://twitter.com/download/android"" rel=""nofollow"">Twitter for Android</a>",I am #BoosterShots now! Got #Moderna to mix it up but wow did day two suck. #COVID19 https://t.co/UaZB9VtU8i,,,.0,1465058010544414723
2021-11-29 03:51:18,Tally Greenfield,1450853056065724425,,-1,en,"<a href=""http://twitter.com/download/android"" rel=""nofollow"">Twitter for Android</a>",I got my #Moderna booster today! Does this mean in 2 wks I can stop carrying my phone? ?????? ?? https://t.co/Wt2yAo5IsL,,,.0,1465045656679157765
2021-11-29 03:50:43,نوف,3406299252,,-1,en,"<a href=""http://twitter.com/download/iphone"" rel=""nofollow"">Twitter for iPhone</a>",Third dose ??✅  #Moderna,,,.0,1465045511778582528
2021-11-29 03:22:43,Kathryn Crowe,258599742,,-1,en,"<a href=""http://twitter.com/download/android"" rel=""nofollow"">Twitter for Android</a>",Officially boosted! Got #Moderna Shot #3 #GetVaccinated #COVID19 #covidvariant https://t.co/r42PhvdO8r,,,.0,1465038465515597824
2021-11-29 03:14:49,JWanyutu,290168745,,-1,en,"<a href=""http://twitter.com/download/iphone"" rel=""nofollow"">Twitter for iPhone</a>",Booster in #Moderna #COVID19,,,.0,1465036474118717449
2021-11-29 03:13:32,anxious kiki??,1359829267949912068,,-1,en,"<a href=""http://twitter.com/download/iphone"" rel=""nofollow"">Twitter for iPhone</a>",#moderna just as planned,,,.0,1465036153719906305
2021-11-29 03:04:50,Jeremy Chapman,225959960,,-1,en,"<a href=""http://instagram.com"" rel=""nofollow"">Instagram</a>",BOOSTED! #moderna https://t.co/nAHX4WMB4T,,,.0,1465033963030917126
2021-11-27 05:28:53,Julia Kollewe,262083555,,-1,en,"<a href=""http://twitter.com/download/android"" rel=""nofollow"">Twitter for Android</a>","#Moderna says it's testing three existing Covid-19 vaccine booster doses against the Omicron variant,  and that it would develop a new variant-specific vaccine against Omicron",,,.0,1464345437838712837
2021-11-27 05:26:34,Phil not Bob,1378393243138809862,,-1,en,"<a href=""http://twitter.com/download/iphone"" rel=""nofollow"">Twitter for iPhone</a>",Here comes the six in one jab…..not a fecking hope I’m taking that. ?? #Omicron #Moderna https://t.co/dOPllvrmgQ,,,.0,1464344857527390218
2021-11-27 05:23:34,Milan Asanovic,209907266,,-1,en,"<a href=""https://about.twitter.com/products/tweetdeck"" rel=""nofollow"">TweetDeck</a>",Just got my #Booster thank you #Moderna & @POTUS for quick roll out of #VaccinesForAll the fastest way back to normally still is #vaccination so don't be a prick instead #GetVaxxed #GetBoosted #GetVaccinatedNow,,,.0,1464344100019261443
2021-11-27 05:07:31,Dimitrios63,896706288544919552,,-1,en,"<a href=""https://mobile.twitter.com"" rel=""nofollow"">Twitter Web App</a>",#Moderna  is already looking fight the #Omricon variant as good drug makers do. https://t.co/UKOqFcnxhG,,,2.0,1464340063001583619
2021-11-27 03:52:48,Rich,3648998236,,-1,en,"<a href=""http://twitter.com/download/iphone"" rel=""nofollow"">Twitter for iPhone</a>","Just got my #Moderna booster. WiFi signal is improving and the new third arm is useful. Not sure I like the messages from Bill Gates though.

Seriously though, #GetVaccinatedNow. Stay safe.",,,.0,1464321260238917635
2021-11-27 03:09:23,(((Pony))) She/Her,589596296,,-1,en,"<a href=""http://twitter.com/download/iphone"" rel=""nofollow"">Twitter for iPhone</a>","Middle back ache.  #moderna.  #booster 

Uncomfortable.  Not awful.",,,.0,1464310333858893832
2021-11-27 02:59:52,Quinn Emmett ??,227586466,,-1,en,"<a href=""https://mobile.twitter.com"" rel=""nofollow"">Twitter Web App</a>","Same shit, different name. #Omicron #VaccineEquity #Moderna https://t.co/dAdw4MTH5W",,,.0,1464307937363390465
2021-11-27 02:56:24,REN,2312185200,,-1,en,"<a href=""http://twitter.com/download/android"" rel=""nofollow"">Twitter for Android</a>",Got my #ModernaBooster 3 hours ago. Not sure if it's #moderna or all that #Thanksgiving eating BUT.......... https://t.co/LAQoHoXKfR,,,.0,1464307064101117954
2021-11-27 02:33:14,Merrill Rodriiguez,2150865499,,-1,en,"<a href=""http://twitter.com/download/android"" rel=""nofollow"">Twitter for Android</a>",I got my booster .. I got my booster.   #Moderna #vaccine,,,.0,1464301233477492744
2021-11-27 02:27:04,Claire - Wash Your Hands,24221372,,-1,en,"<a href=""http://twitter.com/download/android"" rel=""nofollow"">Twitter for Android</a>","#moderna booster in arm this morning. So far just a light headache, and my feet are trying to go to sleep. Basically so far so good and better than after my first AZ",,,.0,1464299683115905032
2021-11-27 02:16:10,Tiff Lomas ??,523494890,,-1,en,"<a href=""http://twitter.com/download/android"" rel=""nofollow"">Twitter for Android</a>","Well, the #COVIDBooster floored me completely, had to have two days off work. Aiming to go back tomorrow but still feel exhausted #Moderna",,,.0,1464296940024348674
2021-11-27 02:10:28,J Hunter,595113588,,-1,en,"<a href=""http://twitter.com/download/iphone"" rel=""nofollow"">Twitter for iPhone</a>","Ha!…oh and also, @KizzyPhD is the reason I got #Moderna??????‍♀️ https://t.co/QzFABmaIre",,,.0,1464295506998300682
2021-11-27 02:09:06,Amy Can’t Cook,53928448,,-1,en,"<a href=""http://twitter.com/download/iphone"" rel=""nofollow"">Twitter for iPhone</a>",Boom! Boosted! #Moderna #ModernaGang #CovidVaccine,,,.0,1464295161064828931
2021-11-27 02:02:30,Ryan Longacre,14116239,,-1,en,"<a href=""http://twitter.com/download/iphone"" rel=""nofollow"">Twitter for iPhone</a>",Boosted ?? #Moderna,,,.0,1464293499029925892
2021-11-27 01:58:48,5th Man On The Wheel,797195682075525123,,-1,en,"<a href=""https://mobile.twitter.com"" rel=""nofollow"">Twitter Web App</a>","After my fourth booster jab...

#COVID19 #VaccineSideEffects #vaccines #pfizerbooster #Pfizer #Moderna https://t.co/5UA4Zf05ri",,,1.0,1464292571371474952
2021-11-27 01:49:43,Mx. Wyatt - if you’re nasty- (he/they),1261044320,,-1,en,"<a href=""http://instagram.com"" rel=""nofollow"">Instagram</a>","I am #moderna boosted and highly favored. Thank you, Dolly. #covidvacccine #protectyourself #maskup #gettheshot https://t.co/Mnve1e6Psn",,,.0,1464290285010178060
2021-11-27 01:48:07,Ellen Rossano,19465003,,-1,en,"<a href=""http://twitter.com/download/iphone"" rel=""nofollow"">Twitter for iPhone</a>",Officially boosted! Thankful for #science #moderna #DollyParton #commonsense,,,.0,1464289879601422336
2021-11-27 01:35:57,Laurie,1426290877224337411,,-1,en,"<a href=""https://mobile.twitter.com"" rel=""nofollow"">Twitter Web App</a>","Day 2 after booster
Arm is much less sore and I'm not tired like I was yesterday
All is well!  ??
#moderna #modernabooster https://t.co/4zsg44sbU5",,,.0,1464286821249130499
2021-11-27 01:17:41,brycelunardi,23247837,,-1,en,"<a href=""http://twitter.com/download/iphone"" rel=""nofollow"">Twitter for iPhone</a>",Just had my booster vaccine shot. Moderna this time. #numberthree #Booster #boostershot #CovidVaccine #Moderna #COVID19 #,,,.0,1464282223704739856
2021-11-27 01:05:06,Nicotine #LeniForPresident2022,142964229,,-1,en,"<a href=""http://twitter.com/download/android"" rel=""nofollow"">Twitter for Android</a>","2nd dose done. ??
#moderna https://t.co/2Ztly8N6Ah",,,.0,1464279053653843974
2021-11-27 00:47:41,ShipperQueen is The WINNER 6️⃣5️⃣??,80066680,,-1,en,"<a href=""http://twitter.com/download/android"" rel=""nofollow"">Twitter for Android</a>","CAN'T JOIN GA FOR TODAY AND TOMORROW..
I JUST GOT MY 2ND DOSE OF COVID19 VACCINE TODAY AND NOW MY BODY SEEMS LIKE HAS FEVER..
THE SIDE EFFECT FOR THIS DOSE STILL WORK THEN ??

#VaccineSideEffects #VaccineModerna #MODERNA #Covid19",,,.0,1464274670526492675
2021-11-26 23:50:38,Baker Yates,91830876,only1baker,91830876,en,"<a href=""http://twitter.com/download/iphone"" rel=""nofollow"">Twitter for iPhone</a>",I spoke too soon. Body aches and alternating chills & sweats hit me at about the 22 hour mark but lasted for only 1 day. #BoosterShots #Moderna,,,.0,1464260314267017217
2021-11-26 23:32:23,GoboHead,300377554,,-1,en,"<a href=""http://twitter.com/download/iphone"" rel=""nofollow"">Twitter for iPhone</a>",Got my booster today who knows what #covidvariant it’s gonna do to the world now #Moderna https://t.co/s46PnsstwI,,,.0,1464255722246524930
2021-11-26 23:26:26,Riri Roldan,1422094409391165440,,-1,en,"<a href=""http://twitter.com/download/android"" rel=""nofollow"">Twitter for Android</a>","2nd dose❤️??
#Moderna #fullyvacinnated?? https://t.co/jCUmWGDV1q",,,.0,1464254226255675399
2021-11-26 23:26:21,some guy...,1317330447781736449,,-1,en,"<a href=""http://twitter.com/download/android"" rel=""nofollow"">Twitter for Android</a>","Got the #Moderna booster Wed & didn't know that bc of #Lupus it would be a full shot, not half. This #Nurse was so caring, as I explained my dx's she knew what meds I took, even asked if I had my #EpiPen, very nice human. #grateful for this nurse??‍⚕️",,,.0,1464254203795329032
2021-11-26 23:11:11,Niall Scanlon,30217428,niallscano,30217428,en,"<a href=""http://twitter.com/download/iphone"" rel=""nofollow"">Twitter for iPhone</a>",Not everything is red thoiugh #Pfizer #Moderna #Nu $MRNA $PFE https://t.co/tZoKkFdMnS,,,.0,1464250385552523266
2021-11-26 22:48:43,Phil Clarke,46634391,,-1,en,"<a href=""http://twitter.com/download/android"" rel=""nofollow"">Twitter for Android</a>",Had my booster yesterday along with a flu jab. Feeling pretty ropey today. Anyone know how long it takes to shake? #COVIDBooster #Moderna #flujab,,,.0,1464244735388835843
2021-11-26 21:49:44,???????????? ??????????????,255373848,,-1,en,"<a href=""http://twitter.com/download/android"" rel=""nofollow"">Twitter for Android</a>",Got my 1st dose of COVID-19 Booster!! ???? #Moderna https://t.co/85P75vMx13,,,.0,1464229890157604865
2021-11-26 20:18:51,Leslie Cidale,24282469,,-1,en,"<a href=""http://twitter.com/download/iphone"" rel=""nofollow"">Twitter for iPhone</a>","Hoping to get my #COVIDBooster today…and hoping you’ll get yours, too, if you haven’t already. #NuVariant #vaccines #Moderna #pfizer #jandj https://t.co/7wWI4NZqxW",,,.0,1464207018214973446
2021-11-26 18:49:13,LeannHuang,866676067909591040,,-1,en,"<a href=""http://twitter.com/download/android"" rel=""nofollow"">Twitter for Android</a>","✔ Second dose of Moderna COVID-19 vaccine.
#Moderna #SKH https://t.co/XTzAAvvPHQ",,,.0,1464184463231909890
2021-11-26 14:16:48,Jes Jimenez,53901920,,-1,en,"<a href=""http://twitter.com/download/android"" rel=""nofollow"">Twitter for Android</a>",Got my booster shot today ?? #Moderna https://t.co/cjnlaG5GT9,,,.0,1464115905131024384
2021-11-26 12:24:15,??,1433096275423940609,,-1,en,"<a href=""http://twitter.com/download/iphone"" rel=""nofollow"">Twitter for iPhone</a>","Got my 2nd dose! ??✅
#FullyVaccinated #Moderna",,,.0,1464087582703194112
2021-11-26 10:41:23,april,347626252,,-1,en,"<a href=""http://instagram.com"" rel=""nofollow"">Instagram</a>",Starbucks after the 2nd dose ✌️?? #ajabwelldone #solairevax #sivcnpf #moderna #npfdrivethrough #ezconsult @ Starbucks Philippines https://t.co/7eyRitVtsW,14.5,121.0,.0,1464061695811325955
2021-11-26 10:40:53,Angelito Valencia,32905236,,-1,en,"<a href=""http://instagram.com"" rel=""nofollow"">Instagram</a>",It's a good day to celebrate #Moderna IS life ?? https://t.co/3RwQGO5q29,,,.0,1464061567931240449
2021-11-26 10:40:22,??gelabin??️ 131,323154588,,-1,en,"<a href=""http://twitter.com/download/android"" rel=""nofollow"">Twitter for Android</a>","got my booster dose yesterday ?? 

#GetVaccinatedNow #BoosterShots #Moderna #COVID19Nurse https://t.co/Rgu3mLjD08",,,.0,1464061437567909888
2021-11-26 10:09:04,??❇️Sapo Company Organics❇️??,1109783146034282496,,-1,en,"<a href=""http://twitter.com/download/iphone"" rel=""nofollow"">Twitter for iPhone</a>",Love her she got #moderna https://t.co/VkeuaBG4Dj,,,.0,1464053561810210816
2021-11-26 08:33:13,riri,1127307873891913728,,-1,en,"<a href=""http://twitter.com/download/iphone"" rel=""nofollow"">Twitter for iPhone</a>","anyways….

I got my second dose of vaccine yesterday and today, my whole body is aching. ??

#moderna https://t.co/ZDgN5YRmBw",,,.0,1464029441907064834
2021-11-26 06:39:35,Lisa Bloor,348523410,,-1,en,"<a href=""http://twitter.com/download/iphone"" rel=""nofollow"">Twitter for iPhone</a>",Had my #COVID19 #boostershot on Tuesday. Was given #Moderna this time. All I can say is I don’t remember weds at all ran a fever got in bed and slept most of the 36 hours ???? much better today and I 100% still think getting it is worth it.,,,1.0,1464000841430536204
2021-11-26 04:45:57,ً,155010988,,-1,en,"<a href=""http://twitter.com/download/iphone"" rel=""nofollow"">Twitter for iPhone</a>","vaccine ?? still whoopin my ass ...  but less intense today lol 
#moderna",,,.0,1463972245106139139
2021-11-26 02:47:17,Dagmar Schlüter❄️,102334976,kimerincowley,862736118,en,"<a href=""http://twitter.com/download/iphone"" rel=""nofollow"">Twitter for iPhone</a>",@kimerincowley Me too! A shot of #Moderna and #VaxxedToTheMax. Also: #ToriesOut,,,.0,1463942384098721795
2021-11-26 00:23:07,Rosanna Cramarossa Norman,841449461482160129,,-1,en,"<a href=""http://twitter.com/download/iphone"" rel=""nofollow"">Twitter for iPhone</a>",And today I become a #Moderna woman! ?? #BoosterJab #CovidVaccine  ????,,,.0,1463906101896884237
2021-11-26 00:04:32,Follow Me,1418983916791336965,,-1,en,"<a href=""http://twitter.com/download/iphone"" rel=""nofollow"">Twitter for iPhone</a>",Me and Bro been thinking ?? #moderna,,,.0,1463901425663193100
2021-11-25 23:52:38,tayfan2,16417747,,-1,en,"<a href=""http://twitter.com/download/android"" rel=""nofollow"">Twitter for Android</a>",Know your #vaccine ingredients. #Moderna #Pfizer https://t.co/zNAVP2C7xh,,,.0,1463898430229651466
2021-11-25 23:46:07,Linda,1462885405,,-1,en,"<a href=""http://twitter.com/download/iphone"" rel=""nofollow"">Twitter for iPhone</a>","Just got my third shot. I’m now three times crossed vaccinated. ?????? #AstraZeneca #Moderna #biontechpfizer 
#boostershot #COVIDVaccination #ImpfenRettetLeben #",,,.0,1463896792702062598
2021-11-25 23:07:33,Jannis J Grimm,597730257,,-1,en,"<a href=""http://twitter.com/download/android"" rel=""nofollow"">Twitter for Android</a>",Pink envelope for #Moderna Booster. Love it. ?? https://t.co/Jb1OUPvSgY,,,.0,1463887084549246978
2021-11-25 22:36:09,MamaNurse,1445189600864096260,,-1,en,"<a href=""http://twitter.com/download/android"" rel=""nofollow"">Twitter for Android</a>",I got my Moderna booster yesterday and my 5 and 6 yr olds got their first doses too. #VaxTheHolidays #Moderna,,,.0,1463879182572736517
2021-11-25 22:34:54,Er anoop kumar yadav☁,1269125443883421697,,-1,en,"<a href=""http://twitter.com/download/android"" rel=""nofollow"">Twitter for Android</a>","now a days children are too much addict to acting .
#childhood 
#Moderna https://t.co/T1YaKGAAsT",,,.0,1463878870503870469
2021-11-25 22:20:17,Helen Morecroft,38025583,,-1,en,"<a href=""http://twitter.com/download/iphone"" rel=""nofollow"">Twitter for iPhone</a>","Very busy today at the local Derby & Joan club, first time I’ve even been there! #vaccine SpikeVax time. #moderna #modernaspikevax #COVIDBooster https://t.co/AeCf9H7HxE",,,.0,1463875191629664257
2021-11-25 22:02:50,"Get off the cross, we need the wood!",1348927456867201025,,-1,en,"<a href=""https://mobile.twitter.com"" rel=""nofollow"">Twitter Web App</a>",#Booster shot today #Moderna hopefully @LewisGrovepharm #COVID19 #Lewisham @NHSSELondonCCG,,,.0,1463870799564185603
2021-11-25 21:29:26,Serge V ????,273072335,,-1,en,"<a href=""https://mobile.twitter.com"" rel=""nofollow"">Twitter Web App</a>",#Pfizer and #Moderna side effects that are missing on the packaging paper. https://t.co/oRq43nkdJN,,,4.0,1463862393566642181
2021-11-25 21:20:33,Philippa Willitts: Freelance Writer & Proofreader,343669481,,-1,en,"<a href=""https://ifttt.com"" rel=""nofollow"">IFTTT</a>",This one better come with Bluetooth #moderna My Insta is: https://t.co/MXQjDejuWf https://t.co/emP3KJmKbQ,,,.0,1463860158879178759
2021-11-25 21:04:16,Liesbeth VG ????????‍????,81689767,,-1,en,"<a href=""http://instagram.com"" rel=""nofollow"">Instagram</a>",All boosted up! #moderna #astrazeneca #booster #noagainstcovid #covid #vaccin #medicalstaff #azturnhout https://t.co/4UXJm2zVhM,,,.0,1463856061304258567
2021-11-25 20:59:45,Queer and present danger,7054372,,-1,en,"<a href=""http://instagram.com"" rel=""nofollow"">Instagram</a>",This one better come with Bluetooth #moderna https://t.co/RcM457vITI,,,.0,1463854925218299915
2021-11-25 20:53:39,Gaz Wood ????,3647088203,,-1,en,"<a href=""http://twitter.com/download/android"" rel=""nofollow"">Twitter for Android</a>",All boosted up! #BoosterJab Thank you #nhs #Moderna #vaccination https://t.co/BtGlD6PNim,,,.0,1463853389788454918
2021-11-25 20:43:37,Hugh Pumphrey,968854355058229248,,-1,en,"<a href=""https://mobile.twitter.com"" rel=""nofollow"">Twitter Web App</a>","Did my bit today to improve the average immunity level and reduce the load on @RIE_Lothian's A+E dept. #Moderna in one arm, #Influenza vaccine in the other.",,,.0,1463850862435090438
2021-11-25 20:29:35,persona non grata,1329838060469694464,,-1,en,"<a href=""http://twitter.com/#!/download/ipad"" rel=""nofollow"">Twitter for iPad</a>","Modena seems to be the most effective. Risk of death for unvaccinated 14xs higher, btw #Covid_19 #vaccine #Moderna https://t.co/SaRxgmSmFR",,,.0,1463847332609470473
2021-11-25 19:57:54,Theo Michael??????,3234280432,,-1,en,"<a href=""https://mobile.twitter.com"" rel=""nofollow"">Twitter Web App</a>","Very happy to say I just received my #1 #COVID19 #Moderna #BoosterJab. If you are able, please do book yourself a #Boosterjab. https://t.co/hCnhE4Qv5f",,,.0,1463839356527988740
2021-11-25 19:39:34,Shaquiry ??️??️,622160722,The_Shaquiry,622160722,en,"<a href=""http://twitter.com/#!/download/ipad"" rel=""nofollow"">Twitter for iPad</a>","Third shot started kicking my a$$. My shoulders, arms and hips hurt like I’ve been beaten up. #Moderna #COVID19",,,.0,1463834742810365955
2021-11-25 19:18:10,MissMoriarty,1299793916552785921,,-1,en,"<a href=""http://twitter.com/download/iphone"" rel=""nofollow"">Twitter for iPhone</a>",This girl has got Moderna ?? #ImpfenSchuetzt #Moderna #allesindenArm,,,.0,1463829357563154436
2021-11-25 19:00:06,NHICOLE,1431925762584559620,,-1,en,"<a href=""http://twitter.com/download/android"" rel=""nofollow"">Twitter for Android</a>","Done vaccine ??

#Moderna https://t.co/tNGdwvW8cr",,,.0,1463824811822837762
2021-11-25 18:30:06,Ben Seys,56986513,,-1,en,"<a href=""http://instagram.com"" rel=""nofollow"">Instagram</a>","Here we go... again...

#boosterprik #moderna #covid19 #vaccinatiecentrum #vaccinatie https://t.co/npIMdRKLVr",,,.0,1463817263300202498
2021-11-25 15:11:29,Krista Jaspers,794817828,,-1,en,"<a href=""http://twitter.com/download/iphone"" rel=""nofollow"">Twitter for iPhone</a>",Got my booster AND the flu vaccine today. Went with the #Moderna booster to mix and match with my initial #Pfizer shots. Am I superhuman now? Only time will tell. ???????? #Thanksgiving #VaccinesWork #vaccination #Booster https://t.co/Mwq5ztesvw,,,.0,1463767278562856967
2021-11-25 13:35:37,charlie,82443416,,-1,en,"<a href=""http://twitter.com/download/iphone"" rel=""nofollow"">Twitter for iPhone</a>","The #Moderna booster is no joke, folks—this shit has been kicking my ass off and on for the past ~48 hours. Here’s hoping for a better day tomorrow. ????",,,.0,1463743151752073224
2021-11-25 13:31:54,Anca — working at noveling,988049942504714241,,-1,en,"<a href=""http://twitter.com/#!/download/ipad"" rel=""nofollow"">Twitter for iPad</a>","I had my #Moderna booster yesterday—slowed me down a tad today—felt a bit draggy, a bit headachy, but I needn’t have #worried: I still went to dinner with family & friends, then we all saw The Grinch at #TheOldGlobe. I should read my #journals and compare with past years. #vss365",,,1.0,1463742217214836737
2021-11-25 13:17:22,Peg Haws,60438893,,-1,en,"<a href=""http://twitter.com/download/iphone"" rel=""nofollow"">Twitter for iPhone</a>","Be vewy vewy quiet! ??
Boosted! ????
Dagnabit he heard you ????
#Moderna 
#Boosted 
#DuckSeason
#ThanksScience
#MyFamily??
#StaySafe https://t.co/cJWRLuPx2r",,,.0,1463738559907700739
2021-11-25 13:12:35,Mafioza,321160966,,-1,en,"<a href=""http://twitter.com/download/iphone"" rel=""nofollow"">Twitter for iPhone</a>",Vaccine time #moderna https://t.co/ZHiGFCiaOt,,,.0,1463737356675026945
2021-11-25 12:11:32,"Danielle Funk, vaccinated",1406281416,bunsenbernerbmd,917201597247012864,en,"<a href=""http://twitter.com/download/android"" rel=""nofollow"">Twitter for Android</a>","@bunsenbernerbmd Got my #Moderna #booster tonight, and honestly, the only thing I'm upset about is not getting to take a cool heat scan of my arm like this https://t.co/9XX6aLlG5o",,,.0,1463721993338073092
2021-11-25 11:30:03,Alberto Aceves,146056988,,-1,en,"<a href=""http://twitter.com/download/iphone"" rel=""nofollow"">Twitter for iPhone</a>",This covid booster really kicked my ass! #boostershot #fuckcovid #teammoderna #Moderna,,,.0,1463711554491273221
2021-11-25 11:04:04,Gabe Harris,398900361,mercola,12524522,en,"<a href=""https://mobile.twitter.com"" rel=""nofollow"">Twitter Web App</a>","@mercola Blood clots, heart attacks and strokes. Fuck you #moderna",,,.0,1463705014082445312
2021-11-25 09:41:19,Ashley Eibell,1432479899374260233,,-1,en,"<a href=""http://twitter.com/download/android"" rel=""nofollow"">Twitter for Android</a>","Hit that 24 hour mark and it alllll went down hill. #Moderna

Also...
I can't believe my Dad is never coming back.",,,.0,1463684191921520640
2021-11-25 09:37:41,Mailaaa,1148455103491215361,,-1,en,"<a href=""http://twitter.com/download/iphone"" rel=""nofollow"">Twitter for iPhone</a>",Fully Vaccinated ✅?? #moderna https://t.co/APF6czOVjw,,,.0,1463683274887155714
2021-11-25 09:00:59,Mommy Kristine - MommylandPh (Influencer),29899802,,-1,en,"<a href=""http://twitter.com/download/android"" rel=""nofollow"">Twitter for Android</a>","#FullyVaccinated na sa wakas! After my experience with severe Covid, sana hindi na maulit. I know God loves me and will always protect me and my whole family. #Moderna",,,.0,1463674041328300038
2021-11-25 08:27:46,Jordan Rosin,342412359,,-1,en,"<a href=""http://twitter.com/download/iphone"" rel=""nofollow"">Twitter for iPhone</a>",Officially BOOSTED! #MixAndMatch #Moderna,,,.0,1463665681694543872
2021-11-25 08:25:39,Matthew K. Butler,1215397394541662210,,-1,en,"<a href=""http://twitter.com/download/iphone"" rel=""nofollow"">Twitter for iPhone</a>","Got my Covid booster AND the flu shot. WHAM BAM THANK U MA’AM

#Moderna https://t.co/0vJ6qhqsUp",,,.0,1463665147776483329
2021-11-25 08:11:05,Michael Smith,535734152,,-1,en,"<a href=""http://twitter.com/download/iphone"" rel=""nofollow"">Twitter for iPhone</a>",Booster update: 30 hours post poke and zero side effects. Much different than my second shot. Yay! ?? #Booster #Moderna #StayHealthy https://t.co/Ki4fZ0lSBS,,,.0,1463661484135919616
2021-11-25 07:25:12,TᕼETEᖇᖇYᔕᑭEᑕIᗩᒪ™️会いたい,4283769793,,-1,en,"<a href=""http://twitter.com/download/iphone"" rel=""nofollow"">Twitter for iPhone</a>",Booster bound! ???? #moderna #dollypartonsaveslives,,,.0,1463649937019871243
2021-11-25 07:12:30,mark,19762664,,-1,en,"<a href=""http://twitter.com/download/android"" rel=""nofollow"">Twitter for Android</a>","#moderna Day 6 after booster. Never had such a bad reaction to a vaccine. Aching joints, muscles, headache, tired, lethargic.",,,.0,1463646737982279682
2021-11-25 06:33:12,Salil Khaladkar,31066944,,-1,en,"<a href=""http://instagram.com"" rel=""nofollow"">Instagram</a>",Booster shot done!! #moderna #bandaidselfie @ Corona del Mar https://t.co/TyupoqXapF,33.6,-117.9,.0,1463636847486197766
2021-11-25 05:36:33,Sidonie Ferguson,74859603,,-1,en,"<a href=""https://mobile.twitter.com"" rel=""nofollow"">Twitter Web App</a>","#Boosted with #Moderna. And I got a #Badge

Now to nap for two weeks ... https://t.co/UFpovstjwe",,,.0,1463622591214669833
2021-11-25 04:48:07,Martha Wade Steketee,45372296,,-1,en,"<a href=""http://twitter.com/download/android"" rel=""nofollow"">Twitter for Android</a>",Boosted. #Moderna #science,,,.0,1463610401845915656
2021-11-25 03:17:00,Julia,836399848182136832,,-1,en,"<a href=""http://twitter.com/download/iphone"" rel=""nofollow"">Twitter for iPhone</a>","Officially boosted!
#GetVaccinated #GetBoosted #Moderna",,,.0,1463587472911351811
2021-11-25 03:00:54,Tenacious T,7141452,kumailn,28406270,en,"<a href=""http://twitter.com/download/iphone"" rel=""nofollow"">Twitter for iPhone</a>",@kumailn Boosted 11/5!!!! ????#Moderna #AllDay #ThanksDolly,,,.0,1463583423050649604
2021-11-25 02:51:57,"George Smart, M1GEO",2227101456,,-1,en,"<a href=""http://twitter.com/download/android"" rel=""nofollow"">Twitter for Android</a>",COVID-19 Booster done. #Moderna https://t.co/1lbJfiSjhV,,,1.0,1463581169971347459
2021-11-25 02:39:58,VaxxedFaery,16214240,,-1,en,"<a href=""http://twitter.com/download/iphone"" rel=""nofollow"">Twitter for iPhone</a>",Look who’s boosted!!! #GetVaccinated #Moderna #VaccinesWork #VaccinesSaveLives https://t.co/rOtdxICE41,,,.0,1463578153872412672
2021-11-25 02:28:00,Michelle,1175865681759412224,,-1,en,"<a href=""http://twitter.com/download/android"" rel=""nofollow"">Twitter for Android</a>",Got my booster!! #Moderna #GetVaccinated https://t.co/k45jINhh10,,,.0,1463575142395752449
2021-11-25 02:27:59,Dora Rose (She/Her),18872313,,-1,en,"<a href=""http://twitter.com/download/android"" rel=""nofollow"">Twitter for Android</a>",Boosted!! What a journey from 2x #Pfizer to breakthrough to monoclonal antibodies to #Moderna booster. Followed @DrEricDing's helpful guidance in choosing to boost with Moderna. https://t.co/wjrxLRyK5f,,,.0,1463575139698704390
2021-11-25 01:57:32,Alejandro Cortez,29004930,,-1,en,"<a href=""http://twitter.com/download/iphone"" rel=""nofollow"">Twitter for iPhone</a>","Boosted!

#COVID #VaccinesWork #Vaccine #ThisIsOurShot #GetVaxxed #Moderna #Pfizer #TrustTheScience #Science https://t.co/dzFplsoL4R",,,.0,1463567475379867653
2021-11-25 01:17:33,Ruth Ingram,21093164,,-1,en,"<a href=""http://twitter.com/download/iphone"" rel=""nofollow"">Twitter for iPhone</a>",Got my Covid booster ?? hurrah for science #vaccine #Pfizer #Moderna #mixandmatch,,,.0,1463557414180073474
2021-11-25 01:01:03,emily boucher,37253339,,-1,en,"<a href=""http://twitter.com/download/iphone"" rel=""nofollow"">Twitter for iPhone</a>",I got my booster! #Moderna #vaccine #GetVaccinated #Dolly https://t.co/KxMWvnDJwz,,,.0,1463553261009522692
2021-11-25 00:52:51,Lainie Lipson,245939419,,-1,en,"<a href=""https://mobile.twitter.com"" rel=""nofollow"">Twitter Web App</a>","I had/am still having big, bad side effects from my booster shot ... as bad as my second full shot. Worth it, but don't assume it will be nothing. Not like a flu shot. #Moderna",,,.0,1463551196698791937
2021-11-25 00:51:53,ACguy612,1254509710725832705,,-1,en,"<a href=""http://twitter.com/download/android"" rel=""nofollow"">Twitter for Android</a>","Holy side effects, what the actual f*ck booster.

#Booster
#Moderna",,,.0,1463550955220353028
2021-11-25 00:35:21,Bella,65792048,,-1,en,"<a href=""http://twitter.com/download/iphone"" rel=""nofollow"">Twitter for iPhone</a>",Great news. I got my booster shot yesterday. #Moderna #GetVaccinated #Booster https://t.co/6KpIRfitoI,,,.0,1463546793346613255
2021-11-25 00:10:43,Wendy Guillemette,436971613,,-1,en,"<a href=""https://mobile.twitter.com"" rel=""nofollow"">Twitter Web App</a>",#boosted #Moderna hoping for minimal side affects. Got a feast to cook tomorrow.,,,.0,1463540594316398604
2021-11-24 23:52:20,Greg Stamper,14789069,,-1,en,"<a href=""http://twitter.com/download/iphone"" rel=""nofollow"">Twitter for iPhone</a>",Got boosted on Monday and I feel great! And I’m STILL wearing my ??#Moderna #ThankYouScience,,,.0,1463535967101505536
2021-11-24 23:21:54,SBA,232663238,,-1,en,"<a href=""http://twitter.com/download/iphone"" rel=""nofollow"">Twitter for iPhone</a>",Got my booster shot today. My 6G is flowing. I think they may have ruptured my microchip. Oh well #Moderna #holidays2021,,,1.0,1463528308587573248
2021-11-24 23:14:29,Sarah The Striker,155397336,,-1,en,"<a href=""http://twitter.com/download/android"" rel=""nofollow"">Twitter for Android</a>",I've been 'Boost'ed. #COVID19 #Moderna https://t.co/EdQjKQFeq1,,,.0,1463526441694502915
2021-11-24 23:01:23,Sarah The Striker,155397336,,-1,en,"<a href=""http://twitter.com/download/android"" rel=""nofollow"">Twitter for Android</a>","I'm Moderna'd... Also me: needle phobic... 
#COVID19 #Moderna #Booster
Didn't feel even the slightest bit faint.",,,.0,1463523144069787652
2021-11-24 21:54:51,Sanders,841701075933573120,,-1,en,"<a href=""https://mobile.twitter.com"" rel=""nofollow"">Twitter Web App</a>","Booster DONE!!!! Sore arm and a mini fever that lasted about 4 hours. Im so stinking happy!
#Moderna 
#Booster",,,.0,1463506400861065222
2021-11-24 21:38:22,Toni,18393950,tvtoni,18393950,en,"<a href=""http://twitter.com/download/iphone"" rel=""nofollow"">Twitter for iPhone</a>","Yesterday: arm sore, slight headache, low grade fever, mild sore throat, and fatigue. Went to bed early last night. Feeling great this morning. l got the #Moderna booster Monday night:",,,.0,1463502254875369472
2021-11-24 21:26:23,Sharon ???? ??,34988950,,-1,en,"<a href=""http://twitter.com/download/iphone"" rel=""nofollow"">Twitter for iPhone</a>",This Moderna booster has done my arm. Not good sleep for two nights… swollen arm and massive lump in armpit….#Booster #Moderna ????,,,.0,1463499236713107456
2021-11-24 19:16:33,Rob Turner,407942771,,-1,en,"<a href=""http://twitter.com/download/android"" rel=""nofollow"">Twitter for Android</a>","Moderna booster done yesterday, absolutely wiped me out last night.
Shivering like hell but with a burning temperature, headache to end all headaches, short of breath and couldn't lift my arm more than 6 inches.
Never felt so rough. 
#Moderna #Booster",,,.0,1463466562829103104
2021-11-24 19:14:50,Rodney Sanches,12555812,,-1,en,"<a href=""http://twitter.com/download/android"" rel=""nofollow"">Twitter for Android</a>",Waiting for my booster #moderna,,,.0,1463466132921360385
2021-11-24 17:39:58,rubber_demon,816607585847693316,,-1,en,"<a href=""http://twitter.com/download/iphone"" rel=""nofollow"">Twitter for iPhone</a>",I got my booster shot yesterday! ?????? #fuckcorona #Booster #Moderna #gasmask #latex #rubbergimp https://t.co/0vfiykQcyu,,,1.0,1463442260423589889
2021-11-24 16:52:10,David Price,403345628,,-1,en,"<a href=""http://twitter.com/download/iphone"" rel=""nofollow"">Twitter for iPhone</a>",Boosted ?????? #COVIDBooster #Moderna https://t.co/rD8iaK7lKq,,,.0,1463430230987747332
2021-11-24 16:48:27,Lach,165978819,,-1,en,"<a href=""http://twitter.com/download/iphone"" rel=""nofollow"">Twitter for iPhone</a>","I got the #Moderna booster and the flu jab. Took a paracetamol an hour before and stayed hydrated. No side effects other than slight soreness for a day at jab site. All good!
 
Big thanks to the health pros, scientists, politicians and workers who made it possible. https://t.co/wKe1qVbore",,,.0,1463429294932246528
2021-11-24 15:23:23,Jc Bobadilla,2193831781,,-1,en,"<a href=""http://twitter.com/download/android"" rel=""nofollow"">Twitter for Android</a>","'I am Fully Vaccinated! ??
#Moderna ??",,,.0,1463407888115040257
2021-11-24 14:51:01,Christopher Nikhil Bowen??????????️‍??,27962798,,-1,en,"<a href=""http://twitter.com/download/iphone"" rel=""nofollow"">Twitter for iPhone</a>",Danny and I got our booster shots today but we didn’t take a picture of it. Does that still count? ???????? #CovidBooster #Moderna #WeHoVIPs,,,1.0,1463399742558261252
2021-11-24 13:55:37,piksi,76296411,,-1,en,"<a href=""http://twitter.com/download/android"" rel=""nofollow"">Twitter for Android</a>",Finally! I got my second shot! I'm officially vaccinated! #Moderna,,,.0,1463385797541781505
2021-11-24 13:19:50,Andrew Canepari,15686013,,-1,en,"<a href=""http://twitter.com/download/android"" rel=""nofollow"">Twitter for Android</a>","Nothing like a midnight covid cocktail 
#Boosted #Science #Moderna #3rdtimesacharm",,,.0,1463376792279040004
2021-11-24 12:45:10,oscar,6322532,oscarjr,6322532,en,"<a href=""http://twitter.com/download/android"" rel=""nofollow"">Twitter for Android</a>",currently feeling achey. also feeling a slight fever. must be the microchips floating around in my bloodstream. ?? 5G reactivation in progress.  〰️#moderna #vaxx #theCOVID,,,.0,1463368071045783554
2021-11-24 12:23:32,Black Hawk,102952215,,-1,en,"<a href=""http://twitter.com/download/android"" rel=""nofollow"">Twitter for Android</a>","Come on #Moderna, go up! I need 65k  a.s.a.f.p. Before December, please. ?????? https://t.co/52Ywru6tR8",,,.0,1463362626411536386
2021-11-24 11:51:56,✨Ⓜ️PaPaChen??,888302824362201088,,-1,en,"<a href=""http://twitter.com/download/android"" rel=""nofollow"">Twitter for Android</a>","Boosted with #Moderna ??

#CoVax #Booster 
Thanks #MCVAC #MHD Yorme and VHL ?????? https://t.co/bsbuAjt7Vu",,,.0,1463354672891117570
2021-11-24 10:52:39,ً,155010988,,-1,en,"<a href=""http://twitter.com/download/iphone"" rel=""nofollow"">Twitter for iPhone</a>","my body is in pain 
the body aches are unbearable 

#moderna",,,.0,1463339753412071425
2021-11-24 10:23:11,joji,707104710,,-1,en,"<a href=""http://twitter.com/download/iphone"" rel=""nofollow"">Twitter for iPhone</a>",Just got my #COVID19 booster shot with lola. #VaccinesWork #VaccinesSaveLives #Moderna,,,1.0,1463332339371577346
2021-11-24 10:06:45,Don Robbins,853079958,,-1,en,"<a href=""http://twitter.com/download/iphone"" rel=""nofollow"">Twitter for iPhone</a>",Got my 3rd #Moderna vaccine yesterday. My body is in full “What!?!…this asshole again?”,,,.0,1463328203808800772
2021-11-24 09:53:52,Leasa Fisher,895460083236126721,,-1,en,"<a href=""http://twitter.com/download/iphone"" rel=""nofollow"">Twitter for iPhone</a>",I got my booster today and I am feeling great! #Moderna #Booster #GetVaccinatedNow,,,.0,1463324958457667591
2021-11-24 09:52:03,Mamie Gallegos,29825946,MysterySolvent,1094713876132872192,en,"<a href=""http://twitter.com/download/iphone"" rel=""nofollow"">Twitter for iPhone</a>",@MysterySolvent Got mine this past Saturday #Moderna,,,.0,1463324504600547328
2021-11-24 09:04:25,Lori Hokyo Misaka 미사카 로리 호쿄 ????????????,3265832076,,-1,en,"<a href=""http://twitter.com/download/iphone"" rel=""nofollow"">Twitter for iPhone</a>",How can you tell if the fatigue & aches are from the booster shot or normal 40-something stuff? Asking for myself. ?? #Moderna #boosterdose,,,.0,1463312515727646722
2021-11-24 08:41:28,back at home,8302092,,-1,en,"<a href=""http://twitter.com/download/iphone"" rel=""nofollow"">Twitter for iPhone</a>",I got my booster yesterday and I'm feeling great today ?? #moderna #pfizer #mixnmatch,,,.0,1463306738376060934
2021-11-24 08:10:00,????,1641020869,,-1,en,"<a href=""http://twitter.com/download/iphone"" rel=""nofollow"">Twitter for iPhone</a>",me when i get my #Moderna booster after already receiving #Pfizer for my original shots https://t.co/tdC5MTkaNq,,,.0,1463298822084378624
2021-11-24 08:04:23,truegal24,28437354,,-1,en,"<a href=""http://twitter.com/download/iphone"" rel=""nofollow"">Twitter for iPhone</a>",So final conclusion- no side effects from my Moderna Booster ???? feeling great !#moderna https://t.co/deQoBOy6d1,,,.0,1463297408096481280
2021-11-24 07:56:40,moiety,236724605,,-1,en,"<a href=""http://twitter.com/download/iphone"" rel=""nofollow"">Twitter for iPhone</a>","I’m BOOSTIN’, y’all

#Moderna Dose Tres Leches https://t.co/OL0WVd6TGn",,,.0,1463295465609441283
2021-11-24 07:34:23,Stephen McGargle,2308440021,SheffieldUnited,63463538,en,"<a href=""http://twitter.com/download/android"" rel=""nofollow"">Twitter for Android</a>",@SheffieldUnited I hope the lad is ok but has this got anything to do with the jab #Pfizer #Moderna,,,.0,1463289859913748488
2021-11-24 07:31:56,"8,731-541?? (94.1%) / #1 CRYPTO SIGNALS??/ DM OPEN",2377034803,,-1,en,"<a href=""https://mobile.twitter.com"" rel=""nofollow"">Twitter Web App</a>",Received the #Moderna booster and Flu Shot earlier today... fingers crossed!!!,,,15.0,1463289243573313538
2021-11-24 07:19:22,Greg Waggoner,25333548,,-1,en,"<a href=""https://mobile.twitter.com"" rel=""nofollow"">Twitter Web App</a>","Just got my #Booster!

Sorry #Pfizer, had to get some of that #Moderna action this time.",,,1.0,1463286078790680585
2021-11-24 07:02:45,Carl Kincaid,902746951,,-1,en,"<a href=""http://twitter.com/download/iphone"" rel=""nofollow"">Twitter for iPhone</a>",I done got boosted #Moderna #COVID19 #GetVaccinated #GetBoosted https://t.co/NpwfGdcOHD,,,.0,1463281896213803011
2021-11-24 06:20:17,oscar,6322532,oscarjr,6322532,en,"<a href=""http://twitter.com/download/android"" rel=""nofollow"">Twitter for Android</a>",booster done! standing by for 5G reactivation.  ??️  #vaxx #moderna,,,.0,1463271210809114624
2021-11-24 06:03:49,kate smiley ??,327371315,,-1,en,"<a href=""http://twitter.com/download/iphone"" rel=""nofollow"">Twitter for iPhone</a>","RT @real_GGoswami: This is from the #Moderna AusPar document that was submitted to TGA requesting ""Provisional approval"" of #COVID19 vaccin…",,,53.0,1463267067679834114
2021-11-24 05:59:20,Jennifer Anderson,26311753,,-1,en,"<a href=""http://twitter.com/download/android"" rel=""nofollow"">Twitter for Android</a>",Got my booster today! #Moderna #COVID19,,,.0,1463265939022135296
2021-11-24 04:25:55,Louise K,54603603,,-1,en,"<a href=""http://twitter.com/download/android"" rel=""nofollow"">Twitter for Android</a>",Currently riding the covid booster side effect wave #Covid_19 #Moderna https://t.co/xrNEozLoEI,,,.0,1463242430652813320
2021-11-24 04:25:21,Tracy,880655293511872514,,-1,en,"<a href=""http://twitter.com/download/iphone"" rel=""nofollow"">Twitter for iPhone</a>",Got my microchip booster!! #vaccinated #Moderna https://t.co/8iYIouVi1I,,,.0,1463242287429861386
2021-11-24 04:15:26,nlkimbro,288583012,,-1,en,"<a href=""http://twitter.com/download/android"" rel=""nofollow"">Twitter for Android</a>",Boosted #Moderna,,,.0,1463239790854389760
2021-11-24 04:12:42,ALIEN ??,1197175316478693377,____paulobryn,1306492584190078976,en,"<a href=""https://mobile.twitter.com"" rel=""nofollow"">Twitter Web App</a>",@____paulobryn 3rd dose #boostershot #LetLeniLead #Moderna,,,.0,1463239102485065730
2021-11-29 07:16:28,Stefanie Pohl ????,23659516,,-1,en,"<a href=""http://twitter.com/download/iphone"" rel=""nofollow"">Twitter for iPhone</a>","Grateful for you, science. #Pfizer #SecondDose https://t.co/kpRQmGvSce",,,.0,1465097288011943943
2021-11-29 06:02:36,Starr #GISH fire71,20790611,,-1,en,"<a href=""http://twitter.com/download/android"" rel=""nofollow"">Twitter for Android</a>",Just got my booster- got the Moderns... In my 15 minute waiting zone... #GetVaccinatedNow #Pfizer #Moderna,,,1.0,1465078701239029765
2021-11-29 05:58:07,Joseph Dempsey,14976295,TimFoustMusic,58605466,en,"<a href=""http://twitter.com/download/android"" rel=""nofollow"">Twitter for Android</a>",@TimFoustMusic Just tired the next day. #Pfizer,,,.0,1465077573285724169
2021-11-27 15:47:19,Mae Yu Jin,1261963914671042561,,-1,en,"<a href=""https://mobile.twitter.com"" rel=""nofollow"">Twitter Web App</a>",Fully vaccinated. ???????? #Pfizer @zashkyyvhon @IamZachCaleb https://t.co/0KXUScciVf,,,1.0,1464501073209483265
2021-11-27 15:34:29,100%Like_A_C-note ??????????✊??????,3740367976,EdLudlow,323248050,en,"<a href=""http://twitter.com/download/android"" rel=""nofollow"">Twitter for Android</a>",@EdLudlow I wished I held my contract of #Pfizer !!,,,.0,1464497844769992707
2021-11-27 15:02:25,Jay,1200116093148372992,,-1,en,"<a href=""http://twitter.com/download/iphone"" rel=""nofollow"">Twitter for iPhone</a>","Merry Christmas!
Omicron is here just in time for another Christmas lockdown. And don’t worry Pfizer will have a fresh jab for everyone within 3 months. And round and round we go. 

#omicron #covid #christmas  #life #follow #f4f #likeforlikes  #love #pfizer #news #travel https://t.co/HNcVQAVVkG",,,.0,1464489774824235013
2021-11-27 15:00:44,TorstenBerlin,316105457,,-1,en,"<a href=""http://twitter.com/download/iphone"" rel=""nofollow"">Twitter for iPhone</a>","Wait, didn’t I just get my third #Pfizer shot (#booster) in less than a year? https://t.co/dTobvmOR8d",,,.0,1464489347886026752
2021-11-27 14:56:45,Quiet Australian Refusnik ??????,309267035,Law_Girl_,306136455,en,"<a href=""http://twitter.com/download/android"" rel=""nofollow"">Twitter for Android</a>",@Law_Girl_ I think the #Pfizer will take care of it.,,,1.0,1464488345375895554
2021-11-27 14:56:36,Malou De Leon,1019517999940661249,,-1,en,"<a href=""http://twitter.com/download/iphone"" rel=""nofollow"">Twitter for iPhone</a>","My Ate @xandraslayss is now fully vaccinated???? 
#Pfizer #pfizer2nddose #vaccinated_today #fullyvacinnated #fullyvaccinatedpfizer https://t.co/YfpsAv95hf",,,.0,1464488308872859649
2021-11-27 12:21:52,Dr Johnny ?????? covid red pill ??,1223748060406341634,,-1,en,"<a href=""http://twitter.com/download/android"" rel=""nofollow"">Twitter for Android</a>",???? #Pfizer booster girl update https://t.co/OzgLsFjgRq,,,.0,1464449369198010374
2021-11-27 12:20:39,Nix,26197903,,-1,en,"<a href=""http://twitter.com/download/android"" rel=""nofollow"">Twitter for Android</a>",Showing a bit of skin just because ya girl got boosted. #Pfizer #ResBAKUNA2021 https://t.co/sz59bSfT7c,,,.0,1464449065110757379
2021-11-27 09:40:02,Name cannot be blank,1295513736002908160,,-1,en,"<a href=""http://twitter.com/download/android"" rel=""nofollow"">Twitter for Android</a>",Why does the second jab make you feel like shit? Shouldn't your body be in a state to deal with it due to the first introduction of this nonsense? Isn't that how vaccines are supposed to work? Something doesn't seem right. #COVID19 #Pfizer #CovidVaccine,,,.0,1464408643865088001
2021-11-27 09:33:22,Ana Barrionuevo Cabanilla,197115992,,-1,en,"<a href=""http://twitter.com/download/android"" rel=""nofollow"">Twitter for Android</a>","Oh oh
#vacunas  #COVID19  #Pfizer https://t.co/lYlCBAfuMl",,,.0,1464406967141777414
2021-11-27 09:01:46,maria kasalivich,345798371,,-1,en,"<a href=""http://instagram.com"" rel=""nofollow"">Instagram</a>","You can't see it, but I am wearing the biggest smile.
#pfizer #seconddosedone??✔ #covidvacccine?? #fullyvacinnated?? @ Lumban Municipal Covered Court https://t.co/ryP4oTBex5",14.3,121.5,.0,1464399013193654279
2021-11-27 08:41:12,Brigitte,4028900777,BtheICP,4028900777,en,"<a href=""http://twitter.com/download/iphone"" rel=""nofollow"">Twitter for iPhone</a>",My first vaccine pose last year. I finally got my third dose this Wednesday! #Pfizer #pfizerbooster #teamvaccines #VaccinesWork #IPAC #MGH https://t.co/8J8PCUhVTZ,,,.0,1464393838773026829
2021-11-27 07:40:24,Jennifer L. Dawson,1041388518113796096,,-1,en,"<a href=""http://twitter.com/download/android"" rel=""nofollow"">Twitter for Android</a>","Boosted ??
#Pfizer #GetVaccinated",,,.0,1464378535318016002
2021-11-27 06:18:28,Michael Petro,184127390,,-1,en,"<a href=""http://instagram.com"" rel=""nofollow"">Instagram</a>",Just Received my #Pfizer Covid-19 Booster ?? And I feel great ????????♥️ @ Walgreens https://t.co/guTAbPmGUT,40.1,-75.0,.0,1464357915809226758
2021-11-27 05:38:46,I ?? ATEEZ (She/They),17047677,,-1,en,"<a href=""http://twitter.com/download/android"" rel=""nofollow"">Twitter for Android</a>",Got my Pfizer Booster Shot. #Pfizer #vaccine #boostershot #vaccination #vaccinated #vaccines,,,.0,1464347926025621506
2021-11-27 05:03:17,stacee h,23340984,,-1,en,"<a href=""http://twitter.com/download/iphone"" rel=""nofollow"">Twitter for iPhone</a>","Got my #pfizer #booster
Was pretty knocked down from the first dose, not as terrible on the second- fingers crossed this one is mild! #vaccination #vaccine",,,.0,1464338996293627906
2021-11-27 04:58:32,Sesi,1614123668,,-1,en,"<a href=""http://twitter.com/download/android"" rel=""nofollow"">Twitter for Android</a>",BOTH were #Pfizer vaccinated?????Great just f*cking great... https://t.co/bRC5bwt0OD,,,.0,1464337799440736257
2021-11-27 04:57:10,Lädy Ä,2869531945,,-1,en,"<a href=""http://twitter.com/download/iphone"" rel=""nofollow"">Twitter for iPhone</a>","Update on the #Pfizer booster today: off and on cold chills and a sore arm, tired, but other than that: nada. ???? #COVID19",,,1.0,1464337457709731846
2021-11-27 04:40:13,Kelly Rek,309558781,,-1,en,"<a href=""https://mobile.twitter.com"" rel=""nofollow"">Twitter Web App</a>","Because the #Pfizer vaccine does not protect person from getting infected, the vaccinated person becomes an incubator of mutant variants to replicate.",,,2.0,1464333191855030273
2021-11-27 04:26:46,J.M. Yoda,3347111248,,-1,en,"<a href=""http://twitter.com/download/android"" rel=""nofollow"">Twitter for Android</a>","I Am One With the Vaccine and the  Vaccine Is With Me!! #Εμβολιο
#Pfizer #vaccines #vaccinated   #Pfizeremos ??????",,,.0,1464329806473052160
2021-11-27 04:26:04,MadnessOfKings,1347185279740866562,,-1,en,"<a href=""http://twitter.com/download/android"" rel=""nofollow"">Twitter for Android</a>",Absolutely perfect timing to allow current batches to be used up and embark upon the next leg of the never ending pharmageddon. How very convenient. #pfizer #pfizergate #lockdown https://t.co/1CzbCJyqpQ,,,.0,1464329631465672719
2021-11-27 03:29:08,Lindsey,529768792,,-1,en,"<a href=""http://twitter.com/download/iphone"" rel=""nofollow"">Twitter for iPhone</a>",?? Boosted ?? #pfizer https://t.co/P4xLhCeJCU,,,.0,1464315300820750341
2021-11-27 03:11:33,Reggie,270417540,,-1,en,"<a href=""http://twitter.com/download/iphone"" rel=""nofollow"">Twitter for iPhone</a>",Extremely thankful today because my 6 year old received his second vaccination shot. #Pfizer #vaccination #COVIDVaccineKids,,,.0,1464310877117681670
2021-11-27 03:08:32,Jenn Leah,1265097496373661697,,-1,en,"<a href=""http://twitter.com/download/android"" rel=""nofollow"">Twitter for Android</a>","Got my #COVIDBooster #Pfizer 
#vaccinated 

I woke up to a notification about ANOTHER new variant & hauled butt to get my booster. #GetVaccinated https://t.co/4OCZvboHcZ",,,.0,1464310118695190534
2021-11-27 02:53:40,KangaRoo,821884707810004992,spectatorindex,1626294277,en,"<a href=""http://twitter.com/download/iphone"" rel=""nofollow"">Twitter for iPhone</a>","@spectatorindex I didn’t but enough #Pfizer, apparently. @alexfeinberg1",,,.0,1464306376910516236
2021-11-27 15:11:42,Osman Savaş,89059587,spectatorindex,1626294277,en,"<a href=""http://twitter.com/download/android"" rel=""nofollow"">Twitter for Android</a>","@spectatorindex #PfizerBiontech says: ""oooo no"" ????????",,,.0,1464492108044197892
2021-11-27 02:56:48,Sheila Ravendhran,1020086433254699008,,-1,en,"<a href=""http://twitter.com/download/iphone"" rel=""nofollow"">Twitter for iPhone</a>",#vaccination consequences. My tween got her second dose of #pfizer on Wednesday and actually had fun with the family on thanksgiving. She even helped cook and do dishes. Something is wrong here. #sideeffects #vaccination #COVID19vaccine #PfizerBiontech #tween https://t.co/pMnoJ2pdAJ,,,.0,1464307165167030275
2021-11-26 16:29:50,Mine,1068039029072031745,,-1,en,"<a href=""http://twitter.com/download/iphone"" rel=""nofollow"">Twitter for iPhone</a>",Gm! I got my #boostershot this morning. I hope it goes well in the weekend #thirdshot #pfizerbiontech #COVID19,,,1.0,1464149385286234115
2021-11-25 23:34:18,Lauryn Vander Molen,750080760640512001,,-1,en,"<a href=""http://twitter.com/download/android"" rel=""nofollow"">Twitter for Android</a>",Grateful to have received my #ThirdDose of #PfizerBioNTech today but acutely aware that in many parts of the world people have yet to receive their first dose. We can't end a #GlobalPandemic without supporting equitable vaccine distribution everywhere and for everyone.,,,.0,1463893817866825734
2021-11-25 12:34:48,"Fabio A. Machado, PhD",782255953,,-1,en,"<a href=""https://mobile.twitter.com"" rel=""nofollow"">Twitter Web App</a>",RT @DiogoProvete: Took my third shot today of #PfizerBiontech after two doses od #astrazenca #vaccination #VivaOSuS !! Feeling grateful for…,,,1.0,1463727847722336259
2021-11-25 12:04:20,Daniel Loaiza,539115350,,-1,en,"<a href=""http://twitter.com/download/android"" rel=""nofollow"">Twitter for Android</a>","Post vaccine I'm not felling well, but I'm fine #vaccine #postvaccinated #PfizerBiontech #vacuna #notfellingwell https://t.co/L92zTBeJH9",,,.0,1463720181964754947
2021-11-25 11:48:42,Diogo Proietti ????????,161497413,,-1,en,"<a href=""http://twitter.com/download/iphone"" rel=""nofollow"">Twitter for iPhone</a>",Took my third shot today of #PfizerBiontech after two doses od #astrazenca #vaccination #VivaOSuS !! Feeling grateful for having our public health system. Live long and prosper to SUS,,,1.0,1463716245891690497
2021-11-25 00:02:12,Ankur Singh,766384909,,-1,en,"<a href=""http://twitter.com/download/iphone"" rel=""nofollow"">Twitter for iPhone</a>",#PfizerBiontech Boosted. Will be thankful for memory B cell recall this Thanksgiving! https://t.co/9L1fN3W4Ar,,,.0,1463538450624356356
2021-11-24 16:45:24,Rony Bhuiyan,778233171586392064,,-1,en,"<a href=""http://twitter.com/download/android"" rel=""nofollow"">Twitter for Android</a>","Alhamdulillah ❤️
     First dose done ?? ✅
          #PfizerBioNTech Covid-19 Vaccine https://t.co/pq92kjFbqk",,,.0,1463428528142176256
2021-11-24 08:57:15,engr. jee™ ????,3270869377,,-1,en,"<a href=""https://mobile.twitter.com"" rel=""nofollow"">Twitter Web App</a>",fully vaxxed. #PfizerBiontech #Pfizer https://t.co/RRe8UgUFc8,,,.0,1463310710918631426
2021-11-24 06:19:27,GeeBeester ???? ??????,1063832940210241536,ianmSC,16813044,en,"<a href=""http://twitter.com/download/android"" rel=""nofollow"">Twitter for Android</a>",@ianmSC @GeneLingerfelt Oh dear another letdown from #PfizerBiontech. Should have used #AstraZeneca,,,.0,1463271002830479363
2021-11-24 06:11:06,Majii,1331041707538796547,,-1,en,"<a href=""http://twitter.com/download/iphone"" rel=""nofollow"">Twitter for iPhone</a>",My baby sis (minor) just got her first dose of #Pfizer yesterday yey she can finally come out of the house and go on adventures with the fam ?? #PfizerBiontech #vaccination #Philippines https://t.co/WzzOM2nfsL,,,.0,1463268900225748994
2021-11-23 12:05:48,Rosemalyn Papa ??,2498316452,,-1,en,"<a href=""http://instagram.com"" rel=""nofollow"">Instagram</a>",Fully Vaccinated na. Yayyyy! ?? #pfizerbiontech ??♥️ @ Gamu Municipal Hall https://t.co/wc3DzdomYu,17.0,121.8,.0,1462995773877112836
2021-11-20 20:17:50,I Refuse ?? ??,1274256386877243394,zoeharcombe,30623732,en,"<a href=""http://twitter.com/download/iphone"" rel=""nofollow"">Twitter for iPhone</a>","@zoeharcombe Funny enough if someone next to them get killed, stabbed or robbed they do nothing and they rather to mind their own business ????‍♂️ #PfizerBiontech #PfizerExposed https://t.co/VHcEB0suKw",,,.0,1462032434250276866
2021-11-20 16:39:10,Jayvee De Guzman,34557950,,-1,en,"<a href=""http://instagram.com"" rel=""nofollow"">Instagram</a>",Tommy just got vaxxed! #vaxxed?? #pfizerbiontech?? https://t.co/2Fts2wKMi3,,,.0,1461977406823178250
2021-11-20 12:40:09,20freetobe20,380727130,,-1,en,"<a href=""http://twitter.com/download/iphone"" rel=""nofollow"">Twitter for iPhone</a>",#Pfizer #PfizerBiontech #PfizerLeak #PfizerExposed They Knew #CrimeAgainstHumanity https://t.co/440QzFTiyt,,,1.0,1461917257362247685
